,Type,Region,MunicipalityCode,Prefecture,DistrictName,NearestStation,TimeToNearestStation,MinTimeToNearestStation,MaxTimeToNearestStation,FloorPlan,Area,AreaIsGreaterFlag,LandShape,Frontage,FrontageIsGreaterFlag,TotalFloorArea,TotalFloorAreaIsGreaterFlag,BuildingYear,PrewarBuilding,Structure,Use,Purpose,Direction,Classification,Breadth,CityPlanning,CoverageRatio,FloorAreaRatio,Year,Quarter
5481,4,3,1,0,483,30,28,28.0,28.0,20,200,0,2,18.0,0,135.0,0,58,0,17,15,6,5,8,4.5,1,60.0,200.0,7,1
8028,4,3,4,0,52,20,17,17.0,17.0,20,170,0,8,10.5,0,115.0,0,30,0,17,15,6,3,2,13.0,0,50.0,80.0,7,3
5125,4,3,2,0,389,34,45,30.0,60.0,20,50,0,2,5.4,0,30.0,0,29,0,17,15,1,6,2,4.0,4,60.0,200.0,11,0
2052,4,0,0,0,1349,65,25,25.0,25.0,20,145,0,3,15.0,0,200.0,0,37,0,17,65,6,6,6,35.0,14,60.0,200.0,4,2
9141,4,3,17,0,486,24,28,28.0,28.0,20,1000,0,6,30.0,0,105.0,0,31,0,17,15,6,7,6,7.0,10,70.0,200.0,4,2
8601,4,3,21,0,1173,80,9,9.0,9.0,20,165,0,7,12.5,0,115.0,0,41,0,17,15,1,5,11,6.0,2,60.0,200.0,13,0
9626,4,3,25,0,275,71,45,30.0,60.0,20,410,0,3,29.0,0,230.0,0,38,0,17,15,6,3,11,6.0,0,50.0,60.0,6,0
3100,4,3,1,0,783,30,45,30.0,60.0,20,200,0,8,16.0,0,130.0,0,16,0,17,15,1,5,2,5.0,0,50.0,80.0,12,1
7568,4,3,3,0,1313,66,13,13.0,13.0,20,95,0,6,17.0,0,75.0,0,21,0,17,15,6,3,2,4.0,1,60.0,200.0,5,3
1803,4,3,0,0,425,0,17,17.0,17.0,20,310,0,3,13.3,0,15.0,0,20,0,17,93,6,7,2,6.0,4,60.0,200.0,2,3
8397,4,3,2,0,1089,21,45,30.0,60.0,20,230,0,3,21.0,0,95.0,0,27,0,17,15,6,4,2,6.0,1,60.0,200.0,3,2
5555,4,3,2,0,1218,21,45,30.0,60.0,20,580,0,1,4.5,0,80.0,0,27,0,17,15,1,3,2,7.0,15,60.0,200.0,12,3
3490,4,3,0,0,365,89,45,30.0,60.0,20,740,0,6,28.0,0,90.0,0,54,0,17,15,6,3,7,7.5,10,70.0,200.0,2,3
963,4,3,0,0,372,89,45,30.0,60.0,20,250,0,1,30.0,0,50.0,0,76,0,17,100,3,3,2,4.0,10,70.0,200.0,12,0
6032,4,3,2,0,1041,21,10,10.0,10.0,20,300,0,8,12.0,0,55.0,0,31,0,17,110,6,2,9,4.0,15,60.0,200.0,4,3
3979,4,3,0,0,341,27,45,30.0,60.0,20,105,0,6,6.5,0,135.0,0,31,0,17,15,6,4,2,6.5,13,60.0,200.0,5,3
5606,4,3,1,0,754,30,75,60.0,90.0,20,160,0,3,10.0,0,105.0,0,32,0,17,15,6,2,8,2.5,15,70.0,200.0,5,2
6740,4,3,2,0,873,34,45,30.0,60.0,20,155,0,2,10.5,0,115.0,0,31,0,17,15,6,3,8,2.0,1,60.0,200.0,4,2
2127,4,3,1,0,701,115,28,28.0,28.0,20,370,0,1,5.5,0,110.0,0,40,0,17,15,1,8,2,7.0,0,50.0,80.0,9,3
9122,4,3,4,0,53,20,21,21.0,21.0,20,180,0,3,20.0,0,105.0,0,28,0,17,15,6,4,2,4.0,2,60.0,200.0,3,3
6153,4,3,4,0,716,20,25,25.0,25.0,20,820,0,3,20.0,0,220.0,0,31,0,17,15,1,7,2,5.5,10,70.0,200.0,9,3
99,4,3,0,0,601,121,8,8.0,8.0,20,240,0,2,13.0,0,130.0,0,25,0,17,15,1,5,2,5.5,1,60.0,200.0,12,3
5726,4,3,3,0,284,66,10,10.0,10.0,20,290,0,3,8.0,0,165.0,0,25,0,17,15,1,5,2,6.0,1,60.0,200.0,10,2
9477,4,3,38,0,473,98,75,60.0,90.0,20,560,0,1,31.0,0,180.0,0,26,0,17,15,1,5,11,6.0,0,50.0,80.0,8,1
966,4,3,0,0,374,89,23,23.0,23.0,20,230,0,2,11.0,0,100.0,0,37,0,17,85,5,0,2,6.5,5,60.0,200.0,11,2
8703,4,3,23,0,0,56,20,20.0,20.0,20,210,0,2,11.0,0,90.0,0,41,0,17,15,1,4,11,5.0,2,60.0,200.0,11,2
6448,4,3,4,0,1228,20,45,30.0,60.0,20,200,0,3,16.0,0,140.0,0,41,0,17,15,1,6,2,7.0,10,70.0,200.0,12,1
9659,4,3,20,0,998,41,24,24.0,24.0,20,170,0,4,14.0,0,135.0,0,36,0,17,15,6,4,7,13.0,10,70.0,200.0,2,1
9753,4,3,23,0,0,93,75,60.0,90.0,20,350,0,2,25.0,0,230.0,0,48,0,17,110,6,2,11,8.0,10,70.0,200.0,2,0
2825,4,3,0,0,897,94,8,8.0,8.0,20,220,0,3,11.0,0,85.0,0,34,0,17,15,6,6,2,7.0,15,70.0,200.0,4,2
3348,4,3,0,0,417,3,45,30.0,60.0,20,140,0,3,9.0,0,110.0,0,23,0,17,15,6,0,2,4.5,0,50.0,80.0,7,2
537,4,3,0,0,995,121,15,15.0,15.0,20,330,0,3,14.0,0,25.0,0,63,0,17,79,2,6,2,4.5,0,50.0,80.0,8,3
8262,4,3,7,0,18,104,19,19.0,19.0,20,125,0,6,8.0,0,110.0,0,33,0,17,15,6,4,2,6.5,2,60.0,200.0,4,3
8584,4,3,21,0,921,80,45,30.0,60.0,20,2000,1,3,50.0,1,1100.0,0,30,0,17,49,5,8,11,5.5,10,70.0,200.0,12,3
8019,4,0,4,0,30,20,6,6.0,6.0,20,65,0,2,5.5,0,100.0,0,76,0,17,47,6,4,6,14.0,6,80.0,400.0,6,2
1212,4,3,0,0,527,0,8,8.0,8.0,20,190,0,3,10.2,0,110.0,0,29,0,17,15,5,3,9,2.5,0,50.0,80.0,8,1
8372,4,3,7,0,272,120,45,30.0,60.0,20,250,0,1,19.0,0,50.0,0,23,0,17,15,6,6,9,4.0,0,50.0,80.0,4,3
4812,4,3,2,0,875,63,45,30.0,60.0,20,170,0,3,8.0,0,75.0,0,28,0,17,15,1,3,2,4.0,15,70.0,200.0,11,0
2472,4,3,1,0,627,115,6,6.0,6.0,20,230,0,3,13.5,0,80.0,0,23,0,17,15,1,6,8,5.5,0,50.0,80.0,9,3
495,4,3,0,0,995,3,45,30.0,60.0,20,110,0,6,12.5,0,50.0,0,49,0,17,79,2,2,2,6.0,13,60.0,200.0,10,0
1243,4,3,0,0,103,27,24,24.0,24.0,20,95,0,2,8.5,0,55.0,0,39,0,17,15,1,5,2,4.5,1,60.0,200.0,9,3
5614,4,3,3,0,1,66,28,28.0,28.0,20,250,0,3,8.5,0,110.0,0,34,0,17,15,1,7,8,6.0,13,60.0,200.0,9,3
9674,4,0,20,0,499,41,1,1.0,1.0,20,165,0,6,14.0,0,250.0,0,25,0,17,47,6,7,11,15.0,6,80.0,400.0,2,3
5531,4,3,2,0,838,34,75,60.0,90.0,20,290,0,1,24.0,0,85.0,0,45,0,17,15,2,2,8,4.0,15,60.0,200.0,12,3
8123,4,0,9,0,331,28,4,4.0,4.0,20,60,0,6,13.5,0,105.0,0,25,0,17,15,1,0,2,6.0,6,80.0,400.0,12,1
9267,4,3,34,0,1183,113,45,30.0,60.0,20,240,0,1,29.0,0,115.0,0,31,0,17,15,1,0,9,4.0,10,70.0,200.0,9,1
8957,4,3,8,0,238,59,21,21.0,21.0,20,520,0,3,35.0,0,140.0,0,46,0,17,79,6,6,8,6.0,10,70.0,200.0,5,3
3988,4,3,1,0,687,29,13,13.0,13.0,20,100,0,3,7.0,0,60.0,0,27,0,17,15,6,6,8,5.5,1,60.0,200.0,4,0
1545,4,0,0,0,425,0,9,9.0,9.0,20,930,0,3,10.2,0,270.0,0,76,0,17,49,6,3,6,11.0,9,80.0,200.0,5,2
4523,4,3,1,0,680,91,10,10.0,10.0,20,260,0,8,21.5,0,140.0,0,38,0,17,100,6,0,2,9.0,15,70.0,200.0,6,1
10024,4,3,38,0,1309,23,105,90.0,120.0,20,1200,0,1,24.5,0,75.0,0,23,0,17,15,6,0,11,7.0,2,60.0,200.0,3,2
317,4,3,0,0,198,3,29,29.0,29.0,20,100,0,3,8.0,0,75.0,0,32,0,17,15,3,6,2,6.5,0,60.0,150.0,10,2
9178,4,3,4,0,24,20,21,21.0,21.0,20,160,0,2,10.5,0,85.0,0,37,0,17,15,6,4,2,6.0,0,50.0,80.0,3,1
61,4,0,0,0,446,6,3,3.0,3.0,20,1000,0,1,21.5,0,940.0,0,24,0,2,93,4,5,2,5.5,6,80.0,400.0,10,0
9986,4,3,38,0,473,98,45,30.0,60.0,20,280,0,2,15.0,0,70.0,0,50,0,17,15,6,7,9,6.0,0,50.0,80.0,2,3
8194,4,3,2,0,276,63,4,4.0,4.0,20,65,0,2,5.5,0,60.0,0,35,0,17,15,6,2,2,8.0,4,60.0,200.0,3,1
3633,4,3,1,0,603,39,10,10.0,10.0,20,180,0,6,16.0,0,185.0,0,20,0,18,15,6,6,2,5.0,15,70.0,200.0,4,0
1026,4,3,0,0,368,89,16,16.0,16.0,20,830,0,3,17.0,0,40.0,0,5,0,20,110,3,4,2,5.0,2,60.0,200.0,9,0
7596,4,3,1,0,454,30,45,30.0,60.0,20,105,0,1,3.5,0,60.0,0,43,0,17,15,6,2,2,6.0,0,60.0,150.0,3,0
9843,4,3,14,0,506,1,45,30.0,60.0,20,290,0,2,9.0,0,110.0,0,28,0,17,15,6,6,6,9.5,2,60.0,200.0,3,0
5722,4,3,3,0,235,66,19,19.0,19.0,20,220,0,5,16.3,0,160.0,0,21,0,17,44,3,7,7,14.0,5,60.0,200.0,8,1
1377,4,3,0,0,89,3,9,9.0,9.0,20,180,0,3,11.5,0,210.0,0,76,0,20,110,3,4,2,5.0,5,60.0,200.0,9,0
8905,4,3,9,0,1334,28,45,30.0,60.0,20,350,0,1,13.0,0,155.0,0,31,0,1,93,6,3,2,6.0,15,70.0,200.0,4,3
534,4,3,0,0,995,121,45,30.0,60.0,20,200,0,3,15.0,0,105.0,0,29,0,17,15,1,2,9,3.5,0,50.0,80.0,8,3
3505,4,3,0,0,527,0,8,8.0,8.0,20,120,0,3,13.1,0,85.0,0,34,0,17,15,6,8,2,4.0,0,50.0,80.0,7,0
8143,4,3,10,0,442,62,45,30.0,60.0,20,470,0,8,6.5,0,75.0,0,20,0,17,15,3,2,11,6.0,10,70.0,200.0,11,1
6028,4,3,4,0,933,129,45,30.0,60.0,20,160,0,3,11.5,0,115.0,0,42,0,17,15,1,0,9,2.7,10,70.0,200.0,9,1
3402,4,3,0,0,1370,65,26,26.0,26.0,20,105,0,5,10.5,0,40.0,0,21,0,17,15,6,5,2,4.0,1,60.0,200.0,4,3
6926,4,3,2,0,1041,21,18,18.0,18.0,20,220,0,8,10.5,0,110.0,0,25,0,17,15,6,6,2,5.5,4,60.0,200.0,1,3
4328,4,3,2,0,1043,123,8,8.0,8.0,20,240,0,5,17.0,0,95.0,0,76,0,17,15,3,2,9,4.0,1,60.0,200.0,12,1
4752,4,3,1,0,434,30,75,60.0,90.0,20,290,0,6,13.5,0,125.0,0,38,0,17,15,6,5,7,7.5,15,70.0,200.0,2,0
8765,4,3,23,0,0,93,15,15.0,15.0,20,190,0,2,10.0,0,75.0,0,35,0,17,15,1,4,11,6.0,2,60.0,200.0,8,3
8073,4,3,4,0,42,20,16,16.0,16.0,20,175,0,3,13.0,0,125.0,0,34,0,17,15,6,3,2,3.0,1,50.0,200.0,5,0
7809,4,3,8,0,238,59,16,16.0,16.0,20,420,0,3,14.5,0,175.0,0,23,0,17,15,3,7,2,5.0,2,60.0,200.0,11,2
9528,4,3,23,0,0,93,5,5.0,5.0,20,280,0,5,16.0,0,125.0,0,27,0,17,15,6,3,9,4.0,2,60.0,200.0,6,2
710,4,3,0,0,1066,3,105,90.0,120.0,20,500,0,2,15.0,0,115.0,0,29,0,17,15,1,0,2,4.5,15,70.0,200.0,10,2
2903,4,3,1,0,534,30,45,30.0,60.0,20,100,0,1,17.2,0,85.0,0,35,0,17,15,1,4,9,4.0,0,50.0,80.0,10,1
6398,4,3,4,0,300,20,24,24.0,24.0,20,260,0,3,14.5,0,80.0,0,23,0,17,15,1,5,2,5.0,0,50.0,80.0,10,1
4690,4,3,1,0,997,30,105,90.0,120.0,20,300,0,2,20.5,0,150.0,0,13,0,17,94,6,5,7,6.5,15,70.0,200.0,7,1
3395,4,3,2,0,586,74,45,30.0,60.0,20,680,0,1,35.0,0,420.0,0,36,0,17,49,5,7,9,4.0,0,50.0,80.0,12,0
9552,4,3,21,0,1208,80,23,23.0,23.0,20,1500,0,6,33.0,0,165.0,0,76,0,17,15,6,0,7,7.0,10,70.0,200.0,7,1
8260,4,3,14,0,763,1,6,6.0,6.0,20,185,0,6,11.9,0,160.0,0,30,0,17,15,1,5,11,4.8,2,60.0,200.0,9,0
7560,4,3,7,0,74,120,9,9.0,9.0,20,220,0,2,8.0,0,70.0,0,46,0,17,15,6,4,9,5.5,9,80.0,200.0,10,2
1352,4,3,0,0,11,3,24,24.0,24.0,20,70,0,2,4.5,0,95.0,0,32,0,17,15,6,5,9,10.0,13,60.0,200.0,7,0
4594,4,3,2,0,1089,21,45,30.0,60.0,20,200,0,2,10.0,0,110.0,0,32,0,17,15,1,0,2,6.0,1,60.0,200.0,12,1
320,4,3,0,0,198,3,45,30.0,60.0,20,105,0,6,6.0,0,70.0,0,25,0,17,15,5,6,2,5.0,0,60.0,150.0,10,1
8856,4,3,7,0,1371,104,18,18.0,18.0,20,260,0,1,20.0,0,140.0,0,32,0,17,15,6,4,2,5.0,0,50.0,80.0,5,2
2113,4,3,1,0,698,115,18,18.0,18.0,20,145,0,2,9.0,0,85.0,0,30,0,17,15,1,3,8,5.0,0,50.0,80.0,10,1
9890,4,3,18,0,969,108,15,15.0,15.0,20,80,0,8,9.0,0,95.0,0,21,0,17,15,6,8,11,3.0,2,60.0,200.0,3,1
692,4,3,0,0,1279,3,20,20.0,20.0,20,140,0,1,36.0,0,90.0,0,30,0,17,15,6,3,2,5.0,1,60.0,200.0,8,0
2493,4,3,0,0,377,13,18,18.0,18.0,20,460,0,1,41.5,0,125.0,0,28,0,17,47,6,0,7,15.0,10,70.0,200.0,4,2
426,4,3,0,0,281,65,20,20.0,20.0,20,115,0,5,11.5,0,65.0,0,40,0,17,15,1,2,2,5.0,1,60.0,200.0,11,1
2476,4,0,0,0,1284,3,4,4.0,4.0,20,35,0,2,4.0,0,55.0,0,76,0,17,47,6,3,8,2.5,6,80.0,600.0,7,0
5790,4,3,3,0,409,111,11,11.0,11.0,20,130,0,8,11.5,0,100.0,0,29,0,17,15,1,8,2,6.0,1,60.0,200.0,10,3
7524,4,0,4,0,56,20,14,14.0,14.0,20,75,0,8,6.0,0,180.0,0,20,0,17,47,6,0,6,15.0,9,80.0,200.0,4,2
715,4,3,0,0,68,3,45,30.0,60.0,20,60,0,3,7.0,0,75.0,0,24,0,17,15,1,3,8,3.5,2,60.0,200.0,8,1
9137,4,3,9,0,1377,136,45,30.0,60.0,20,1500,0,3,32.0,0,150.0,0,76,0,17,15,6,2,7,8.0,15,70.0,200.0,5,1
7061,4,3,6,0,90,71,14,14.0,14.0,20,330,0,3,15.0,0,115.0,0,33,0,17,15,1,3,2,10.0,0,50.0,80.0,10,0
4760,4,3,0,0,270,27,45,30.0,60.0,20,75,0,6,18.0,0,40.0,0,42,0,17,79,6,7,2,9.0,1,60.0,200.0,3,0
983,4,3,0,0,370,89,18,18.0,18.0,20,290,0,3,14.0,0,105.0,0,27,0,17,15,1,5,2,4.0,1,60.0,200.0,12,1
9299,4,0,34,0,508,113,29,29.0,29.0,20,100,0,2,4.0,0,45.0,0,76,0,17,98,4,8,7,10.5,6,80.0,400.0,8,3
7378,4,3,7,0,1251,104,6,6.0,6.0,20,260,0,3,9.0,0,180.0,0,54,0,17,15,1,6,2,7.0,13,60.0,200.0,13,0
2922,4,3,0,0,527,0,10,10.0,10.0,20,165,0,2,10.2,0,100.0,0,33,0,17,15,6,8,2,3.0,0,50.0,80.0,4,3
1942,4,3,0,0,198,3,28,28.0,28.0,20,165,0,2,9.5,0,90.0,0,22,0,17,15,6,2,8,4.5,0,60.0,150.0,5,3
9068,4,3,14,0,576,1,25,25.0,25.0,20,170,0,2,7.5,0,115.0,0,76,0,17,15,6,4,11,4.0,2,60.0,200.0,4,0
9971,4,3,38,0,1308,47,75,60.0,90.0,20,140,0,2,15.0,0,90.0,0,36,0,17,15,6,6,11,6.0,1,60.0,200.0,2,3
9602,4,0,18,0,969,108,14,14.0,14.0,20,220,0,5,15.0,0,160.0,0,41,0,17,47,6,2,11,5.5,6,80.0,400.0,2,1
7654,4,3,3,0,460,66,45,30.0,60.0,20,760,0,6,30.5,0,150.0,0,43,0,17,15,6,3,9,3.0,10,70.0,200.0,6,2
4277,4,3,1,0,912,115,45,30.0,60.0,20,200,0,2,18.5,0,105.0,0,33,0,17,15,6,3,8,6.0,1,60.0,200.0,7,2
6206,4,3,0,0,527,0,9,9.0,9.0,20,160,0,2,14.9,0,125.0,0,36,0,17,15,6,5,8,5.5,0,50.0,80.0,3,1
6268,4,3,4,0,44,20,9,9.0,9.0,20,320,0,3,14.5,0,150.0,0,35,0,17,15,1,3,2,4.5,4,60.0,200.0,9,3
9785,4,3,34,0,681,113,23,23.0,23.0,20,125,0,3,8.0,0,60.0,0,34,0,17,15,6,3,11,3.0,2,60.0,200.0,5,0
2066,4,3,0,0,704,27,29,29.0,29.0,20,115,0,2,7.0,0,50.0,0,39,0,17,15,6,6,9,5.0,15,70.0,200.0,6,2
9363,4,3,20,0,672,41,75,60.0,90.0,20,300,0,4,9.5,0,80.0,0,49,0,17,15,6,5,11,6.0,10,70.0,200.0,5,1
3010,4,3,1,0,505,30,75,60.0,90.0,20,185,0,3,12.0,0,130.0,0,33,0,17,15,1,8,2,5.5,15,70.0,200.0,12,1
9592,4,3,7,0,283,120,45,30.0,60.0,20,630,0,1,6.0,0,145.0,0,31,0,17,15,6,6,2,5.0,10,70.0,200.0,3,1
9443,4,0,6,0,1263,71,45,30.0,60.0,20,85,0,3,7.0,0,55.0,0,34,0,17,98,6,4,7,10.5,6,80.0,400.0,3,2
9128,4,3,17,0,886,24,45,30.0,60.0,20,240,0,5,18.0,0,105.0,0,14,0,17,15,6,4,11,8.0,10,70.0,200.0,4,1
3603,4,3,2,0,937,123,45,30.0,60.0,20,240,0,2,12.0,0,85.0,0,28,0,17,15,6,4,2,4.5,15,60.0,200.0,11,2
531,4,3,0,0,995,121,19,19.0,19.0,20,105,0,3,7.0,0,70.0,0,30,0,17,15,1,4,2,5.5,2,60.0,200.0,9,2
9895,4,3,18,0,525,124,7,7.0,7.0,20,570,0,3,48.0,0,450.0,0,42,0,17,57,6,7,6,11.5,15,70.0,200.0,3,3
7243,4,3,6,0,311,71,45,30.0,60.0,20,145,0,2,8.0,0,50.0,0,36,0,20,110,1,2,2,6.0,13,60.0,200.0,10,0
5478,4,0,2,0,797,76,4,4.0,4.0,20,130,0,3,9.4,0,200.0,0,18,0,17,98,3,3,2,10.5,6,80.0,400.0,8,0
2502,4,3,0,0,704,27,45,30.0,60.0,20,320,0,2,23.0,0,45.0,0,49,0,17,79,6,3,8,5.0,15,70.0,200.0,1,1
1058,4,3,0,0,865,3,45,30.0,60.0,20,145,0,3,11.0,0,80.0,0,31,0,17,15,1,6,2,7.5,0,50.0,80.0,8,2
960,4,3,0,0,372,58,45,30.0,60.0,20,530,0,1,18.0,0,170.0,0,6,0,17,15,1,7,2,13.0,10,70.0,200.0,12,2
9574,4,3,24,0,0,117,45,30.0,60.0,20,175,0,3,10.0,0,100.0,0,45,0,17,15,6,0,11,4.0,5,60.0,200.0,5,3
3423,4,3,0,0,1374,145,17,17.0,17.0,20,250,0,2,20.5,0,200.0,0,39,0,17,61,6,6,2,6.0,1,60.0,200.0,4,3
4677,4,3,1,0,738,12,45,30.0,60.0,20,470,0,8,24.5,0,230.0,0,27,0,17,15,6,3,2,7.5,15,60.0,200.0,5,1
45,4,3,0,0,18,3,21,21.0,21.0,20,70,0,3,4.5,0,65.0,0,35,0,17,15,1,8,2,7.0,2,60.0,200.0,11,1
5635,4,3,1,0,768,115,14,14.0,14.0,20,130,0,1,14.0,0,70.0,0,28,0,17,15,6,6,2,6.5,1,50.0,150.0,5,1
3145,4,3,1,0,786,30,45,30.0,60.0,20,135,0,2,6.0,0,65.0,0,28,0,17,15,3,7,2,6.0,1,60.0,200.0,8,1
1524,4,3,0,0,315,27,6,6.0,6.0,20,65,0,2,11.5,0,310.0,0,31,0,20,110,1,0,2,5.0,2,60.0,200.0,12,0
201,4,3,0,0,972,142,45,30.0,60.0,20,330,0,3,12.5,0,120.0,0,21,0,17,15,1,6,7,15.5,0,50.0,80.0,11,1
9346,4,3,17,0,1028,14,75,60.0,90.0,20,500,0,6,31.0,0,110.0,0,76,0,20,110,6,6,9,4.0,15,70.0,200.0,7,2
5314,4,3,2,0,85,34,9,9.0,9.0,20,200,0,2,8.0,0,85.0,0,28,0,17,15,6,3,8,5.0,2,60.0,200.0,12,1
5904,4,3,4,0,32,20,10,10.0,10.0,20,80,0,3,7.3,0,120.0,0,36,0,17,15,3,3,8,2.0,6,80.0,400.0,8,2
4164,4,3,1,0,437,30,75,60.0,90.0,20,210,0,3,10.0,0,110.0,0,33,0,17,15,6,2,2,6.0,8,60.0,200.0,6,1
1947,4,3,0,0,1281,3,25,25.0,25.0,20,120,0,8,9.0,0,90.0,0,20,0,17,15,6,6,9,4.0,0,60.0,150.0,4,0
3234,4,3,1,0,1211,115,4,4.0,4.0,20,125,0,2,10.0,0,45.0,0,34,0,17,15,1,5,8,6.0,0,60.0,150.0,11,1
6137,4,3,4,0,38,20,21,21.0,21.0,20,155,0,2,8.0,0,80.0,0,31,0,17,15,1,5,2,5.5,0,50.0,80.0,13,2
9649,4,3,25,0,275,71,45,30.0,60.0,20,270,0,5,15.0,0,90.0,0,33,0,17,15,6,7,11,6.0,0,50.0,80.0,5,1
97,4,3,0,0,440,142,75,60.0,90.0,20,520,0,1,17.0,0,290.0,0,25,0,17,15,3,6,2,7.0,15,70.0,200.0,9,1
7566,4,3,4,0,44,20,9,9.0,9.0,20,155,0,3,9.0,0,140.0,0,48,0,17,15,6,3,9,2.0,4,60.0,200.0,4,3
7521,4,3,7,0,1009,120,105,90.0,120.0,20,2000,1,3,36.5,0,230.0,0,32,0,17,47,6,3,6,9.5,10,70.0,200.0,8,0
6095,4,3,4,0,34,20,14,14.0,14.0,20,155,0,2,7.0,0,120.0,0,21,0,17,110,1,2,2,11.0,5,60.0,200.0,13,1
1822,4,3,0,0,425,0,6,6.0,6.0,20,70,0,2,7.6,0,35.0,0,16,0,17,15,6,7,2,5.0,4,60.0,200.0,1,2
9993,4,3,27,0,0,106,45,30.0,60.0,20,740,0,3,33.0,0,135.0,0,52,0,17,15,6,8,11,5.3,10,70.0,200.0,3,3
9644,4,3,25,0,275,71,45,30.0,60.0,20,460,0,8,34.0,0,115.0,0,38,0,17,15,6,6,11,6.0,0,50.0,60.0,5,3
5385,4,3,1,0,534,30,45,30.0,60.0,20,200,0,7,14.0,0,95.0,0,47,0,17,15,6,2,8,6.0,1,60.0,200.0,7,2
7706,4,3,4,0,300,20,22,22.0,22.0,20,340,0,6,17.5,0,145.0,0,41,0,17,15,6,8,2,6.0,0,50.0,80.0,4,0
1131,4,3,0,0,417,3,45,30.0,60.0,20,100,0,6,13.0,0,80.0,0,27,0,17,15,3,4,2,7.0,0,50.0,80.0,12,2
9610,4,3,7,0,1091,46,29,29.0,29.0,20,135,0,2,9.0,0,130.0,0,54,0,17,15,6,6,8,8.5,10,70.0,200.0,3,1
5636,4,3,1,0,810,30,45,30.0,60.0,20,165,0,0,4.5,0,75.0,0,32,0,17,15,6,7,9,4.0,0,50.0,80.0,6,3
5469,4,3,2,0,797,76,9,9.0,9.0,20,165,0,3,10.3,0,200.0,0,33,0,17,61,1,2,8,6.0,4,60.0,200.0,9,3
6244,4,3,4,0,1171,129,75,60.0,90.0,20,340,0,3,9.5,0,140.0,0,76,0,17,47,3,3,7,9.0,10,70.0,200.0,9,3
8725,4,3,23,0,0,56,12,12.0,12.0,20,2000,1,5,50.0,1,1000.0,0,41,0,2,61,1,6,11,5.5,2,60.0,200.0,8,2
5770,4,3,0,0,360,89,45,30.0,60.0,20,250,0,6,18.0,0,240.0,0,32,0,17,53,6,6,7,9.0,10,70.0,200.0,3,1
9774,4,3,34,0,681,113,13,13.0,13.0,20,195,0,3,16.0,0,150.0,0,36,0,17,15,6,6,11,4.0,2,60.0,200.0,6,2
2307,4,3,1,0,1013,30,45,30.0,60.0,20,195,0,5,15.0,0,90.0,0,49,0,17,15,6,0,2,6.0,0,60.0,150.0,11,3
1340,4,3,0,0,135,65,18,18.0,18.0,20,125,0,3,12.0,0,100.0,0,33,0,17,15,1,7,8,6.5,4,60.0,200.0,10,3
4757,4,3,0,0,270,27,45,30.0,60.0,20,250,0,7,15.5,0,90.0,0,27,0,17,15,6,2,2,6.0,0,50.0,80.0,3,3
7656,4,3,3,0,460,66,45,30.0,60.0,20,2000,1,1,9.0,0,190.0,0,76,0,17,15,6,2,7,8.0,10,70.0,200.0,6,1
9421,4,3,21,0,749,140,23,23.0,23.0,20,140,0,2,12.2,0,35.0,0,19,0,17,15,6,7,11,3.5,10,70.0,200.0,5,3
5436,4,3,2,0,797,76,2,2.0,2.0,20,145,0,3,14.0,0,105.0,0,28,0,17,15,3,3,8,2.0,2,60.0,200.0,12,3
4366,4,3,2,0,1043,123,10,10.0,10.0,20,185,0,3,11.0,0,125.0,0,34,0,17,15,6,2,8,4.0,0,50.0,80.0,8,0
1179,4,3,0,0,527,0,14,14.0,14.0,20,120,0,2,16.5,0,70.0,0,31,0,17,15,1,8,2,6.5,0,50.0,80.0,11,3
9190,4,3,18,0,878,108,10,10.0,10.0,20,220,0,5,15.0,0,160.0,0,36,0,17,47,6,4,11,5.6,2,60.0,200.0,4,2
4891,4,3,2,0,875,76,20,20.0,20.0,20,330,0,7,18.0,0,80.0,0,34,0,17,15,1,6,9,3.0,2,60.0,200.0,10,3
6593,4,3,2,0,1192,57,14,14.0,14.0,20,1400,0,6,42.0,0,240.0,0,24,0,17,98,6,4,6,10.0,15,60.0,200.0,1,2
8497,4,3,20,0,170,41,9,9.0,9.0,20,240,0,3,14.0,0,135.0,0,37,0,17,44,1,6,11,6.5,4,60.0,200.0,11,2
9792,4,3,35,0,648,74,75,60.0,90.0,20,660,0,6,40.0,0,140.0,0,39,0,17,15,6,2,11,7.5,10,70.0,200.0,6,3
9472,4,3,21,0,1173,80,6,6.0,6.0,20,2000,1,6,50.0,1,400.0,0,31,0,17,15,6,4,11,5.5,13,60.0,200.0,5,3
706,4,3,0,0,1065,145,11,11.0,11.0,20,170,0,6,12.0,0,115.0,0,34,0,17,15,1,3,2,6.5,2,60.0,200.0,10,3
9377,4,3,17,0,486,14,17,17.0,17.0,20,620,0,1,26.0,0,100.0,0,27,0,17,15,6,4,7,9.0,15,70.0,200.0,7,1
6388,4,3,2,0,1271,123,45,30.0,60.0,20,165,0,2,9.5,0,95.0,0,44,0,17,110,6,6,2,4.4,0,50.0,80.0,6,3
9394,4,3,24,0,0,117,45,30.0,60.0,20,240,0,2,12.6,0,125.0,0,27,0,17,15,6,3,11,8.0,1,60.0,200.0,4,2
2826,4,0,0,0,1353,3,45,30.0,60.0,20,55,0,3,6.8,0,85.0,0,33,0,17,15,6,5,2,5.5,6,80.0,400.0,5,2
6977,4,3,6,0,75,71,23,23.0,23.0,20,155,0,3,15.5,0,210.0,0,30,0,17,47,4,4,2,8.0,9,80.0,200.0,13,1
9625,4,3,25,0,275,71,45,30.0,60.0,20,370,0,3,20.0,0,115.0,0,38,0,17,15,6,4,11,9.0,1,60.0,200.0,6,0
8007,4,3,3,0,346,66,29,29.0,29.0,20,165,0,8,11.5,0,90.0,0,46,0,17,15,6,3,2,6.0,0,50.0,80.0,2,0
8213,4,3,13,0,36,48,7,7.0,7.0,20,400,0,3,50.0,1,135.0,0,39,0,17,15,1,2,8,3.0,2,60.0,200.0,13,0
5885,4,3,0,0,370,89,7,7.0,7.0,20,200,0,3,8.5,0,130.0,0,49,0,17,15,6,5,2,5.0,3,60.0,150.0,3,0
7546,4,3,3,0,711,66,75,60.0,90.0,20,115,0,3,7.0,0,110.0,0,28,0,17,15,6,6,2,5.5,10,70.0,200.0,5,3
6100,4,3,2,0,682,21,45,30.0,60.0,20,550,0,4,28.0,0,160.0,0,52,0,17,15,6,4,9,4.0,15,60.0,200.0,6,2
7159,4,3,3,0,87,66,17,17.0,17.0,20,360,0,3,10.5,0,60.0,0,22,0,17,15,6,8,2,6.0,2,60.0,200.0,4,3
9372,4,3,20,0,998,41,20,20.0,20.0,20,520,0,2,20.0,0,120.0,0,34,0,17,15,6,5,11,6.0,2,60.0,200.0,5,2
7831,4,3,8,0,238,59,12,12.0,12.0,20,210,0,2,8.0,0,200.0,0,30,0,17,15,1,7,2,4.0,6,80.0,400.0,9,0
9678,4,3,25,0,600,72,75,60.0,90.0,20,500,0,1,4.0,0,115.0,0,54,0,17,15,6,7,9,3.0,10,70.0,200.0,7,2
4893,4,3,2,0,875,76,45,30.0,60.0,20,260,0,2,12.5,0,135.0,0,25,0,17,15,6,3,2,4.0,0,50.0,80.0,10,3
8168,4,3,10,0,721,62,45,30.0,60.0,20,2000,1,3,50.0,1,810.0,0,38,0,6,23,6,8,11,3.5,10,70.0,200.0,11,1
9605,4,3,18,0,740,108,16,16.0,16.0,20,85,0,2,6.0,0,100.0,0,32,0,17,15,6,5,11,4.0,2,60.0,200.0,2,0
2460,4,3,1,0,627,115,7,7.0,7.0,20,180,0,5,13.5,0,120.0,0,20,0,17,15,1,8,8,4.0,0,60.0,150.0,11,1
9070,4,3,27,0,184,44,6,6.0,6.0,20,290,0,1,9.0,0,170.0,0,30,0,17,15,3,7,7,9.0,5,60.0,200.0,10,3
6975,4,3,6,0,1296,71,14,14.0,14.0,20,340,0,5,19.0,0,90.0,0,28,0,17,15,3,3,8,2.5,0,50.0,80.0,8,2
8617,4,0,21,0,1173,80,6,6.0,6.0,20,175,0,2,10.0,0,140.0,0,20,0,17,15,3,0,6,16.0,5,60.0,200.0,10,2
7470,4,3,4,0,684,20,45,30.0,60.0,20,300,0,2,29.5,0,105.0,0,46,0,17,15,6,8,2,4.0,10,70.0,200.0,4,0
575,4,3,0,0,1298,3,6,6.0,6.0,20,100,0,3,6.6,0,140.0,0,22,0,17,15,3,4,2,6.0,5,60.0,200.0,8,3
5841,4,3,3,0,460,66,45,30.0,60.0,20,540,0,3,16.0,0,155.0,0,36,0,20,15,1,3,7,10.5,10,70.0,200.0,11,2
4347,4,3,1,0,957,137,4,4.0,4.0,20,145,0,3,11.0,0,150.0,0,32,0,17,15,6,6,2,6.0,15,70.0,200.0,5,2
6252,4,3,0,0,103,27,25,25.0,25.0,20,165,0,3,11.0,0,105.0,0,63,0,17,15,6,5,2,6.0,4,60.0,200.0,3,0
545,4,0,0,0,1298,3,7,7.0,7.0,20,75,0,2,7.0,0,120.0,0,11,0,17,47,1,8,6,20.0,5,60.0,200.0,13,1
9340,4,3,23,0,0,56,5,5.0,5.0,20,160,0,2,9.5,0,25.0,0,47,0,17,79,6,6,11,5.0,2,60.0,200.0,4,2
9693,4,3,27,0,0,44,75,60.0,90.0,20,95,0,1,13.0,0,125.0,0,58,0,17,95,6,7,11,10.0,10,70.0,200.0,6,3
9306,4,3,35,0,648,74,75,60.0,90.0,20,670,0,3,36.0,0,95.0,0,30,0,17,15,3,6,7,11.0,10,70.0,200.0,11,2
3065,4,3,1,0,767,11,4,4.0,4.0,20,125,0,3,10.0,0,80.0,0,35,0,17,15,1,8,8,5.0,0,50.0,80.0,13,1
417,4,3,0,0,281,65,14,14.0,14.0,20,150,0,1,14.0,0,110.0,0,28,0,17,15,1,5,2,5.5,0,60.0,150.0,12,1
9734,4,3,23,0,0,56,11,11.0,11.0,20,200,0,8,15.0,0,100.0,0,34,0,17,15,6,3,11,4.0,2,60.0,200.0,2,1
1727,4,3,0,0,952,3,45,30.0,60.0,20,135,0,6,14.0,0,135.0,0,33,0,17,15,6,2,8,6.5,0,50.0,80.0,5,1
2658,4,0,1,0,476,30,12,12.0,12.0,20,40,0,2,3.5,0,60.0,0,22,0,17,47,6,4,2,7.0,6,80.0,600.0,10,2
7825,4,3,8,0,238,59,9,9.0,9.0,20,185,0,3,9.0,0,120.0,0,9,0,17,15,3,3,2,8.5,9,80.0,200.0,9,2
3147,4,3,1,0,798,115,14,14.0,14.0,20,260,0,3,18.0,0,175.0,0,27,0,17,15,1,8,9,4.0,1,60.0,200.0,10,2
4942,4,3,1,0,1036,29,8,8.0,8.0,20,95,0,3,6.5,0,25.0,0,76,0,17,15,6,8,2,13.5,2,60.0,200.0,5,2
9437,4,3,38,0,1308,47,75,60.0,90.0,20,330,0,8,17.0,0,80.0,0,37,0,17,15,1,6,11,10.0,10,70.0,200.0,12,2
4793,4,3,1,0,557,30,45,30.0,60.0,20,240,0,4,7.0,0,85.0,0,76,0,17,15,6,5,8,3.5,1,60.0,200.0,4,0
9715,4,0,8,0,238,59,12,12.0,12.0,20,75,0,3,4.5,0,100.0,0,36,0,17,98,6,7,7,9.0,6,80.0,400.0,3,0
9948,4,0,34,0,475,113,45,30.0,60.0,20,300,0,3,7.0,0,120.0,0,76,0,17,98,6,4,7,10.5,2,60.0,200.0,1,2
4062,4,0,0,0,1375,3,2,2.0,2.0,20,35,0,5,6.5,0,50.0,0,45,0,17,79,6,6,2,4.0,6,80.0,400.0,5,0
8265,4,3,4,0,53,20,16,16.0,16.0,20,135,0,3,9.5,0,125.0,0,28,0,17,15,6,3,8,4.5,5,60.0,200.0,2,3
1609,4,3,0,0,1374,145,9,9.0,9.0,20,195,0,2,10.0,0,115.0,0,30,0,17,15,1,7,2,5.5,0,50.0,80.0,8,2
763,4,3,0,0,1348,27,18,18.0,18.0,20,185,0,0,11.0,0,75.0,0,15,0,17,15,2,5,2,6.5,1,60.0,200.0,10,3
8045,4,3,4,0,306,20,45,30.0,60.0,20,300,0,7,17.5,0,85.0,0,32,0,17,15,6,7,2,6.5,0,50.0,80.0,6,2
3617,4,3,2,0,937,123,45,30.0,60.0,20,350,0,3,22.5,0,105.0,0,26,0,17,15,6,7,2,4.5,15,60.0,200.0,10,1
1350,4,3,0,0,89,3,14,14.0,14.0,20,95,0,3,6.5,0,100.0,0,34,0,6,47,2,0,2,4.0,9,80.0,200.0,12,3
5461,4,3,2,0,797,76,14,14.0,14.0,20,165,0,6,15.5,0,90.0,0,55,0,17,15,1,2,2,6.0,4,60.0,200.0,10,3
42,4,3,0,0,18,3,21,21.0,21.0,20,140,0,3,8.0,0,110.0,0,46,0,17,15,1,2,2,5.0,9,80.0,200.0,11,3
6967,4,3,6,0,1290,71,45,30.0,60.0,20,180,0,3,11.5,0,95.0,0,31,0,17,15,1,0,2,6.0,1,60.0,200.0,9,0
9440,4,3,38,0,1308,47,75,60.0,90.0,20,330,0,2,13.8,0,60.0,0,33,0,17,93,6,2,11,6.0,1,60.0,200.0,12,0
6495,4,3,2,0,993,112,13,13.0,13.0,20,330,0,1,17.0,0,155.0,0,28,0,17,15,6,0,8,5.5,2,60.0,200.0,7,3
670,4,3,0,0,1021,142,45,30.0,60.0,20,700,0,3,17.0,0,155.0,0,38,0,20,15,3,7,2,7.0,15,70.0,200.0,11,0
3765,4,3,0,0,294,3,45,30.0,60.0,20,130,0,8,12.5,0,145.0,0,30,0,6,100,6,4,8,5.0,4,60.0,200.0,7,2
5659,4,0,3,0,1179,66,13,13.0,13.0,20,210,0,2,19.0,0,165.0,0,10,0,17,98,4,2,2,10.5,9,80.0,200.0,8,2
8943,4,3,8,0,238,59,19,19.0,19.0,20,160,0,3,9.0,0,210.0,0,16,0,17,15,6,4,7,6.5,9,80.0,200.0,6,0
965,4,3,0,0,372,89,45,30.0,60.0,20,580,0,6,28.5,0,80.0,0,76,0,17,101,3,3,2,5.5,10,70.0,200.0,11,0
6008,4,3,0,0,356,3,45,30.0,60.0,20,185,0,3,11.0,0,185.0,0,27,0,17,61,6,4,2,5.5,0,60.0,150.0,3,0
39,4,3,0,0,18,3,45,30.0,60.0,20,35,0,3,4.5,0,45.0,0,31,0,17,15,3,7,2,4.5,1,60.0,200.0,12,1
2234,4,3,0,0,1272,27,24,24.0,24.0,20,390,0,1,12.5,0,140.0,0,36,0,17,15,6,4,2,4.5,0,60.0,150.0,5,3
1509,4,3,0,0,450,134,18,18.0,18.0,20,570,0,6,15.0,0,200.0,0,76,0,17,47,6,0,6,8.0,15,70.0,200.0,5,1
3721,4,3,0,0,149,65,45,30.0,60.0,20,330,0,8,12.5,0,80.0,0,47,0,1,31,6,4,7,14.0,0,50.0,80.0,7,0
4348,4,3,1,0,957,137,15,15.0,15.0,20,800,0,1,13.0,0,180.0,0,48,0,17,15,6,0,2,9.0,15,70.0,200.0,5,1
4756,4,3,0,0,270,27,45,30.0,60.0,20,260,0,2,15.0,0,115.0,0,26,0,17,15,6,5,2,6.0,0,50.0,80.0,3,3
4312,4,3,1,0,937,30,45,30.0,60.0,20,120,0,2,12.5,0,130.0,0,18,0,17,15,6,8,7,8.5,15,70.0,200.0,6,3
7697,4,3,7,0,1380,120,45,30.0,60.0,20,440,0,3,12.0,0,220.0,0,44,0,17,52,1,4,6,18.0,5,60.0,200.0,9,0
7598,4,3,3,0,1114,66,45,30.0,60.0,20,300,0,1,24.0,0,105.0,0,30,0,17,15,6,5,2,6.0,10,70.0,200.0,5,0
4614,4,3,1,0,511,30,75,60.0,90.0,20,185,0,2,18.0,0,160.0,0,32,0,17,15,6,6,2,7.5,2,60.0,200.0,7,2
8015,4,3,4,0,571,20,45,30.0,60.0,20,310,0,3,16.0,0,135.0,0,31,0,17,15,6,6,2,6.0,10,70.0,200.0,6,1
8044,4,3,2,0,937,123,75,60.0,90.0,20,230,0,2,12.0,0,120.0,0,37,0,17,15,6,4,2,5.5,15,60.0,200.0,3,0
9536,4,3,21,0,1173,80,10,10.0,10.0,20,165,0,7,13.5,0,95.0,0,52,0,17,15,6,8,11,6.5,2,60.0,200.0,7,1
5342,4,3,2,0,297,74,45,30.0,60.0,20,120,0,5,11.2,0,75.0,0,30,0,17,15,1,3,2,4.0,2,60.0,200.0,10,0
3357,4,3,0,0,889,0,7,7.0,7.0,20,155,0,0,2.9,0,95.0,0,37,0,17,15,6,7,6,8.0,0,60.0,150.0,7,1
5429,4,3,2,0,797,76,5,5.0,5.0,20,220,0,3,10.0,0,140.0,0,12,0,17,47,3,7,2,5.0,2,60.0,200.0,13,0
1551,4,3,0,0,717,27,45,30.0,60.0,20,450,0,3,19.0,0,115.0,0,37,0,17,15,6,6,2,4.0,15,70.0,200.0,4,3
9396,4,3,18,0,874,83,6,6.0,6.0,20,1300,0,3,21.5,0,80.0,0,76,0,17,93,6,0,11,4.0,15,70.0,200.0,7,1
9079,4,3,14,0,763,1,7,7.0,7.0,20,210,0,8,12.5,0,100.0,0,33,0,17,15,6,4,11,13.0,2,60.0,200.0,4,3
8041,4,3,9,0,76,126,28,28.0,28.0,20,740,0,4,25.0,0,120.0,0,26,0,17,15,6,0,2,4.0,15,70.0,200.0,12,3
9856,4,3,27,0,184,44,8,8.0,8.0,20,200,0,3,12.0,0,155.0,0,31,0,17,47,6,7,11,6.5,2,60.0,200.0,2,0
9569,4,3,7,0,1253,104,16,16.0,16.0,20,270,0,3,19.0,0,95.0,0,45,0,17,15,6,6,2,6.0,0,50.0,80.0,3,3
9435,4,3,38,0,1308,47,75,60.0,90.0,20,165,0,2,16.0,0,40.0,0,47,0,17,15,1,6,11,6.0,1,60.0,200.0,13,2
9911,4,3,38,0,1308,47,75,60.0,90.0,20,155,0,2,8.5,0,130.0,0,43,0,17,15,6,5,11,6.0,4,60.0,200.0,7,0
8927,4,3,7,0,74,120,9,9.0,9.0,20,330,0,3,12.5,0,175.0,0,48,0,17,15,6,4,2,8.0,9,80.0,200.0,7,3
8321,4,3,17,0,482,52,14,14.0,14.0,20,770,0,1,35.5,0,95.0,0,26,0,17,15,1,4,11,5.5,15,70.0,200.0,10,1
7611,4,3,7,0,357,104,16,16.0,16.0,20,570,0,3,27.0,0,125.0,0,33,0,17,15,6,4,2,6.0,10,70.0,200.0,10,3
7462,4,3,7,0,272,120,45,30.0,60.0,20,120,0,5,11.0,0,110.0,0,35,0,20,100,6,6,7,7.0,0,50.0,80.0,9,3
6205,4,3,1,0,769,30,75,60.0,90.0,20,2000,1,6,44.0,0,240.0,0,76,0,17,15,6,3,2,7.0,15,70.0,200.0,1,2
9512,4,0,20,0,499,41,4,4.0,4.0,20,70,0,5,8.5,0,110.0,0,32,0,17,47,6,8,11,9.0,6,80.0,400.0,7,3
9550,4,3,21,0,839,88,45,30.0,60.0,20,520,0,1,16.0,0,135.0,0,35,0,17,15,6,3,7,7.0,10,70.0,200.0,7,2
3406,4,3,2,0,586,74,45,30.0,60.0,20,290,0,3,17.0,0,70.0,0,26,0,17,15,1,2,2,3.0,15,60.0,200.0,11,3
6844,4,3,2,0,838,123,45,30.0,60.0,20,420,0,3,8.0,0,70.0,0,21,0,17,15,6,3,9,4.5,15,60.0,200.0,4,3
6422,4,3,4,0,306,20,45,30.0,60.0,20,280,0,7,17.0,0,70.0,0,32,0,17,15,1,3,2,6.5,0,50.0,80.0,9,3
9912,4,3,20,0,998,41,20,20.0,20.0,20,520,0,2,20.0,0,150.0,0,34,0,17,15,6,5,11,6.5,2,60.0,200.0,3,3
9750,4,3,23,0,0,93,45,30.0,60.0,20,310,0,3,11.5,0,115.0,0,42,0,17,15,6,6,11,5.0,10,70.0,200.0,2,1
6307,4,3,0,0,529,27,45,30.0,60.0,20,105,0,2,9.0,0,80.0,0,30,0,17,15,6,5,8,4.0,0,50.0,80.0,3,2
6488,4,3,2,0,607,34,45,30.0,60.0,20,165,0,6,10.0,0,95.0,0,34,0,17,15,6,2,8,6.0,0,50.0,80.0,2,1
8565,4,3,20,0,499,41,6,6.0,6.0,20,165,0,6,10.5,0,70.0,0,42,0,17,98,4,7,11,9.0,5,60.0,200.0,12,0
2782,4,3,1,0,859,115,14,14.0,14.0,20,240,0,3,16.0,0,230.0,0,30,0,17,61,3,5,8,5.5,2,60.0,200.0,10,1
9251,4,3,10,0,721,62,25,25.0,25.0,20,230,0,1,10.0,0,75.0,0,49,0,17,15,6,8,11,6.0,10,70.0,200.0,7,1
772,4,3,0,0,1349,65,45,30.0,60.0,20,410,0,2,18.0,0,135.0,0,45,0,17,43,6,5,8,4.0,13,60.0,200.0,11,1
9274,4,3,34,0,681,113,45,30.0,60.0,20,300,0,6,16.5,0,210.0,0,17,0,17,110,6,6,11,4.0,2,60.0,200.0,11,1
7377,4,0,7,0,1253,104,3,3.0,3.0,20,860,0,1,18.0,0,320.0,0,39,0,6,99,3,6,6,9.5,6,80.0,400.0,8,1
5994,4,3,4,0,1187,20,20,20.0,20.0,20,155,0,1,12.0,0,120.0,0,43,0,17,61,3,6,8,6.0,0,50.0,80.0,13,2
1855,4,3,0,0,234,3,18,18.0,18.0,20,165,0,3,10.0,0,110.0,0,38,0,17,15,6,0,2,4.0,1,60.0,200.0,7,3
6348,4,3,4,0,28,20,5,5.0,5.0,20,195,0,2,12.5,0,175.0,0,33,0,17,15,1,3,2,5.0,6,80.0,400.0,13,1
5605,4,3,1,0,792,30,26,26.0,26.0,20,175,0,2,11.0,0,130.0,0,34,0,17,15,6,7,8,4.0,1,60.0,200.0,6,0
9881,4,3,38,0,473,98,9,9.0,9.0,20,230,0,3,13.5,0,95.0,0,40,0,17,110,6,4,9,2.0,10,70.0,200.0,5,0
5157,4,3,1,0,1140,30,17,17.0,17.0,20,195,0,8,18.0,0,95.0,0,21,0,17,24,6,7,8,5.0,13,60.0,200.0,7,0
9123,4,3,10,0,452,92,1,1.0,1.0,20,1100,0,8,32.0,0,420.0,0,21,0,17,45,6,3,7,6.5,10,70.0,200.0,6,3
3112,4,3,0,0,359,13,15,15.0,15.0,20,670,0,3,33.5,0,105.0,0,14,0,17,50,6,0,6,13.5,10,70.0,200.0,6,1
9205,4,3,29,0,108,119,15,15.0,15.0,20,190,0,3,6.5,0,95.0,0,24,0,17,47,3,2,11,12.0,2,60.0,200.0,13,1
5811,4,3,3,0,420,66,24,24.0,24.0,20,810,0,1,22.0,0,195.0,0,22,0,17,15,1,2,2,4.0,0,50.0,80.0,11,1
1581,4,3,0,0,330,145,6,6.0,6.0,20,150,0,2,9.0,0,75.0,0,31,0,17,15,3,4,2,6.0,0,50.0,80.0,11,3
1597,4,3,0,0,1370,145,14,14.0,14.0,20,90,0,3,8.5,0,115.0,0,27,0,17,15,1,7,2,6.0,1,60.0,200.0,9,1
1017,4,3,0,0,368,89,5,5.0,5.0,20,105,0,1,9.0,0,120.0,0,26,0,17,15,1,4,2,8.0,2,60.0,200.0,10,2
4017,4,3,2,0,993,112,13,13.0,13.0,20,165,0,2,11.0,0,125.0,0,32,0,17,15,1,7,8,4.0,2,60.0,200.0,12,3
669,4,3,0,0,1021,142,45,30.0,60.0,20,185,0,1,18.0,0,95.0,0,33,0,17,15,1,8,2,5.0,15,70.0,200.0,13,1
9236,4,3,20,0,610,41,6,6.0,6.0,20,200,0,2,9.0,0,115.0,0,34,0,17,15,6,0,11,7.0,5,60.0,200.0,4,2
4037,4,3,2,0,993,112,9,9.0,9.0,20,135,0,3,15.5,0,100.0,0,46,0,17,15,1,6,8,3.0,2,60.0,200.0,11,1
5643,4,3,1,0,807,30,45,30.0,60.0,20,1000,0,3,33.5,0,135.0,0,21,0,17,43,6,8,2,6.0,2,60.0,200.0,7,0
3790,4,0,0,0,89,3,8,8.0,8.0,20,500,0,1,9.0,0,960.0,0,26,0,6,98,6,6,2,11.0,6,80.0,600.0,6,3
6753,4,3,1,0,603,39,2,2.0,2.0,20,180,0,6,16.0,0,170.0,0,35,0,17,15,6,4,2,6.5,15,70.0,200.0,3,0
78,4,3,0,0,425,0,45,30.0,60.0,20,190,0,8,13.0,0,110.0,0,25,0,17,15,1,3,2,6.5,13,60.0,200.0,11,1
3899,4,3,0,0,832,27,105,90.0,120.0,20,830,0,1,36.0,0,30.0,0,42,0,20,93,6,8,6,10.0,15,50.0,80.0,7,3
1869,4,1,1,0,957,137,10,10.0,10.0,20,1200,0,1,46.0,0,370.0,0,41,0,17,105,5,2,2,7.0,15,70.0,200.0,13,1
9212,4,3,4,0,494,20,28,28.0,28.0,20,195,0,8,19.0,0,125.0,0,76,0,17,15,6,8,2,16.0,2,60.0,200.0,3,0
1013,4,3,0,0,368,89,14,14.0,14.0,20,430,0,3,22.0,0,150.0,0,26,0,17,15,1,3,8,3.6,2,60.0,200.0,11,3
9252,4,3,10,0,721,62,16,16.0,16.0,20,660,0,1,3.5,0,35.0,0,76,0,17,15,6,4,11,5.0,2,60.0,200.0,7,1
4009,4,3,2,0,993,112,9,9.0,9.0,20,195,0,2,11.5,0,100.0,0,29,0,17,15,1,4,2,7.5,2,60.0,200.0,13,1
4460,4,3,1,0,463,11,13,13.0,13.0,20,170,0,3,12.5,0,90.0,0,40,0,17,15,6,6,2,6.5,0,40.0,80.0,4,2
8207,4,3,2,0,725,34,75,60.0,90.0,20,165,0,2,11.0,0,80.0,0,28,0,17,15,6,5,8,4.5,15,60.0,200.0,3,0
853,4,3,0,0,1338,3,26,26.0,26.0,20,100,0,2,15.0,0,65.0,0,32,0,17,15,1,2,2,6.5,4,60.0,200.0,12,3
9936,4,3,21,0,1173,80,10,10.0,10.0,20,280,0,2,19.0,0,120.0,0,47,0,17,15,6,2,11,6.0,2,60.0,200.0,3,3
2732,4,3,1,0,1140,32,15,15.0,15.0,20,150,0,6,16.0,0,75.0,0,28,0,17,110,1,5,2,6.0,2,60.0,200.0,10,0
9087,4,3,14,0,763,1,22,22.0,22.0,20,200,0,8,12.0,0,80.0,0,35,0,17,15,6,4,11,5.0,2,60.0,200.0,4,0
9643,4,3,25,0,275,71,45,30.0,60.0,20,530,0,2,32.0,0,95.0,0,76,0,17,15,6,7,11,9.0,0,50.0,80.0,5,3
8401,4,3,18,0,740,108,12,12.0,12.0,20,220,0,3,8.0,0,85.0,0,26,0,17,15,3,0,11,4.0,2,60.0,200.0,10,2
7103,4,3,1,0,991,115,28,28.0,28.0,20,290,0,5,17.0,0,60.0,0,76,0,17,15,6,7,2,5.5,0,50.0,80.0,3,3
8385,4,0,18,0,969,108,5,5.0,5.0,20,155,0,1,22.5,0,165.0,0,22,0,17,47,5,2,7,9.0,6,80.0,400.0,9,2
8682,4,3,7,0,1273,104,45,30.0,60.0,20,410,0,3,11.5,0,80.0,0,76,0,17,15,6,6,6,9.0,2,60.0,200.0,6,2
6241,4,3,1,0,767,11,8,8.0,8.0,20,110,0,3,8.5,0,75.0,0,34,0,17,15,6,6,2,6.0,0,50.0,80.0,2,2
1160,4,0,0,0,109,3,24,24.0,24.0,20,55,0,3,9.0,0,85.0,0,20,0,17,47,3,0,2,25.0,6,80.0,400.0,12,0
8709,4,3,23,0,0,56,9,9.0,9.0,20,450,0,2,10.5,0,180.0,0,41,0,17,15,3,8,11,6.5,5,60.0,200.0,10,2
402,4,3,0,0,704,142,45,30.0,60.0,20,330,0,5,18.0,0,290.0,0,24,0,17,15,3,8,2,8.5,0,50.0,80.0,8,1
8261,4,3,14,0,763,1,5,5.0,5.0,20,230,0,3,20.0,0,195.0,0,23,0,17,15,1,7,11,3.5,2,60.0,200.0,8,2
9670,4,3,20,0,526,41,11,11.0,11.0,20,260,0,2,7.0,0,140.0,0,19,0,17,100,6,7,11,6.5,5,60.0,200.0,2,2
8027,4,3,4,0,504,20,105,90.0,120.0,20,200,0,8,19.0,0,85.0,0,40,0,17,79,6,7,6,16.0,10,70.0,200.0,5,2
7363,4,3,7,0,1250,2,16,16.0,16.0,20,240,0,2,12.0,0,80.0,0,38,0,17,15,1,7,9,6.0,10,70.0,200.0,11,2
7953,4,3,3,0,658,66,45,30.0,60.0,20,480,0,2,10.5,0,135.0,0,34,0,0,100,6,4,7,6.0,10,70.0,200.0,2,3
5298,4,3,1,0,734,115,45,30.0,60.0,20,660,0,3,12.0,0,185.0,0,43,0,17,79,6,6,2,7.0,15,70.0,200.0,1,3
386,4,3,0,0,270,27,45,30.0,60.0,20,310,0,3,15.5,0,55.0,0,27,0,17,15,1,6,2,9.5,1,60.0,200.0,11,1
8828,4,3,24,0,0,117,45,30.0,60.0,20,320,0,1,14.1,0,70.0,0,76,0,17,15,1,2,11,10.0,2,60.0,200.0,10,3
4239,4,3,1,0,603,39,10,10.0,10.0,20,550,0,0,5.0,0,390.0,0,24,0,1,0,6,2,7,9.5,15,70.0,200.0,5,0
3559,4,3,0,0,377,13,13,13.0,13.0,20,115,0,1,9.0,0,80.0,0,44,0,17,15,6,2,8,6.5,10,70.0,200.0,2,1
9970,4,3,38,0,1309,47,75,60.0,90.0,20,330,0,2,16.0,0,185.0,0,40,0,17,61,6,6,8,3.0,2,60.0,200.0,2,3
9984,4,3,38,0,1168,23,105,90.0,120.0,20,310,0,3,20.0,0,100.0,0,46,0,17,15,6,7,9,6.0,10,70.0,200.0,1,2
1872,4,3,1,0,957,137,10,10.0,10.0,20,590,0,3,12.0,0,300.0,0,76,0,20,110,5,3,2,7.0,15,70.0,200.0,11,0
9737,4,3,23,0,0,56,29,29.0,29.0,20,1000,0,1,39.0,0,420.0,0,49,0,17,105,6,6,11,9.5,10,70.0,200.0,1,1
1810,4,3,0,0,425,0,18,18.0,18.0,20,165,0,3,17.5,0,160.0,0,37,0,17,35,6,6,2,4.0,4,60.0,200.0,2,1
7438,4,3,2,0,875,76,45,30.0,60.0,20,250,0,6,21.5,0,90.0,0,31,0,17,15,6,4,2,4.5,0,50.0,80.0,2,1
9905,4,3,20,0,713,41,45,30.0,60.0,20,1000,0,3,18.0,0,135.0,0,53,0,17,15,6,8,6,7.0,10,70.0,200.0,3,0
9360,4,3,20,0,1072,41,45,30.0,60.0,20,120,0,3,17.5,0,35.0,0,8,0,17,93,6,8,9,4.0,10,70.0,200.0,6,2
3897,4,3,2,0,276,63,11,11.0,11.0,20,230,0,1,19.0,0,230.0,0,27,0,17,15,6,3,2,4.5,6,80.0,400.0,11,0
5926,4,3,4,0,606,20,18,18.0,18.0,20,105,0,3,11.0,0,85.0,0,35,0,17,15,3,7,2,6.0,0,50.0,80.0,9,1
1391,4,3,0,0,582,3,75,60.0,90.0,20,440,0,6,29.5,0,90.0,0,31,0,17,15,1,6,2,4.0,15,70.0,200.0,10,2
9723,4,3,35,0,648,74,45,30.0,60.0,20,150,0,0,3.0,0,85.0,0,46,0,6,15,6,2,11,6.0,10,70.0,200.0,4,1
8230,4,0,2,0,993,112,3,3.0,3.0,20,55,0,9,4.0,0,90.0,0,26,0,17,47,6,6,7,7.5,6,80.0,400.0,3,0
1097,4,3,0,0,356,3,45,30.0,60.0,20,165,0,5,13.5,0,120.0,0,44,0,17,61,3,4,2,6.5,0,50.0,80.0,8,0
8055,4,3,9,0,1327,136,11,11.0,11.0,20,470,0,3,19.0,0,120.0,0,26,0,17,15,6,8,2,8.0,2,60.0,200.0,11,0
8832,4,3,7,0,306,120,11,11.0,11.0,20,135,0,2,9.0,0,80.0,0,76,0,17,15,6,4,8,6.0,0,50.0,80.0,5,2
4586,4,3,2,0,1089,21,45,30.0,60.0,20,145,0,7,11.7,0,95.0,0,37,0,17,15,5,3,9,6.0,0,50.0,80.0,12,2
6801,4,3,2,0,771,63,75,60.0,90.0,20,270,0,1,4.0,0,120.0,0,38,0,2,15,6,0,9,3.0,15,60.0,200.0,4,3
6156,4,3,4,0,716,20,23,23.0,23.0,20,155,0,6,4.5,0,90.0,0,27,0,17,110,1,5,8,4.5,10,70.0,200.0,9,2
2358,4,3,0,0,995,121,27,27.0,27.0,20,150,0,2,8.0,0,125.0,0,22,0,17,15,6,3,8,4.0,13,60.0,200.0,6,0
3935,4,3,2,0,277,34,75,60.0,90.0,20,280,0,8,12.0,0,70.0,0,29,0,17,15,1,0,2,6.0,0,50.0,80.0,11,2
962,4,3,0,0,372,89,45,30.0,60.0,20,240,0,3,17.5,0,140.0,0,57,0,17,15,3,6,2,6.5,10,70.0,200.0,13,2
9558,4,3,7,0,79,120,21,21.0,21.0,20,150,0,2,9.0,0,50.0,0,40,0,17,15,6,7,2,8.0,2,60.0,200.0,3,3
5261,4,3,1,0,859,31,8,8.0,8.0,20,50,0,3,6.0,0,75.0,0,27,0,17,47,6,0,7,16.0,2,60.0,200.0,6,0
2285,4,3,0,0,1298,3,3,3.0,3.0,20,125,0,0,2.0,0,95.0,0,26,0,17,15,6,7,2,20.0,5,60.0,200.0,7,3
7725,4,3,3,0,826,66,8,8.0,8.0,20,210,0,2,5.5,0,75.0,0,76,0,17,98,6,3,7,8.5,2,60.0,200.0,5,3
1066,4,3,0,0,356,3,45,30.0,60.0,20,110,0,2,9.0,0,75.0,0,31,0,17,15,1,0,2,6.0,0,50.0,80.0,12,2
4861,4,3,1,0,627,115,4,4.0,4.0,20,165,0,8,11.0,0,105.0,0,27,0,17,15,6,7,2,6.0,0,60.0,150.0,6,1
8689,4,3,23,0,0,56,14,14.0,14.0,20,250,0,7,15.5,0,90.0,0,44,0,17,15,1,0,11,6.0,2,60.0,200.0,13,2
4858,4,3,1,0,627,115,6,6.0,6.0,20,180,0,3,10.0,0,195.0,0,41,0,17,61,6,2,8,4.0,2,60.0,200.0,6,2
8022,4,3,4,0,571,20,45,30.0,60.0,20,230,0,2,12.0,0,90.0,0,41,0,17,15,6,3,9,6.5,10,70.0,200.0,5,2
5701,4,3,3,0,658,66,45,30.0,60.0,20,470,0,3,9.5,0,45.0,0,51,0,17,15,5,6,7,6.5,10,70.0,200.0,11,2
5364,4,3,2,0,320,112,45,30.0,60.0,20,280,0,5,17.0,0,250.0,0,36,0,17,15,3,8,2,12.0,0,50.0,80.0,11,1
5855,4,3,3,0,800,66,45,30.0,60.0,20,1000,0,5,31.0,0,240.0,0,31,0,17,15,1,0,7,8.0,10,70.0,200.0,9,2
9124,4,3,9,0,314,136,26,26.0,26.0,20,510,0,1,12.0,0,105.0,0,30,0,17,15,6,2,2,7.0,2,60.0,200.0,5,2
9232,4,0,4,0,60,20,5,5.0,5.0,20,320,0,6,15.5,0,480.0,0,19,0,17,65,6,8,2,6.0,9,80.0,200.0,3,2
2263,4,3,0,0,1277,121,23,23.0,23.0,20,85,0,3,5.5,0,65.0,0,30,0,17,15,6,2,8,6.0,0,50.0,80.0,5,3
9149,4,3,10,0,721,62,14,14.0,14.0,20,220,0,2,12.7,0,140.0,0,35,0,20,15,6,8,11,6.0,1,60.0,200.0,5,1
5924,4,3,4,0,606,20,18,18.0,18.0,20,210,0,2,10.5,0,105.0,0,35,0,17,15,1,3,2,6.0,0,50.0,80.0,10,0
3186,4,3,0,0,370,89,10,10.0,10.0,20,180,0,3,20.0,0,70.0,0,31,0,17,79,6,0,2,9.5,3,60.0,150.0,5,2
5922,4,3,4,0,606,20,18,18.0,18.0,20,105,0,5,11.0,0,85.0,0,35,0,17,15,1,7,2,5.5,0,50.0,80.0,10,3
6779,4,3,2,0,282,63,16,16.0,16.0,20,145,0,1,2.5,0,100.0,0,3,0,17,15,6,8,2,7.5,8,60.0,200.0,2,2
9412,4,3,10,0,442,62,45,30.0,60.0,20,125,0,3,9.0,0,120.0,0,46,0,17,94,6,2,11,10.0,10,70.0,200.0,2,1
7709,4,3,1,0,489,30,45,30.0,60.0,20,210,0,1,15.0,0,105.0,0,37,0,17,15,6,3,2,5.5,1,60.0,200.0,3,1
9900,4,3,20,0,964,41,45,30.0,60.0,20,1200,0,6,27.0,0,360.0,0,21,0,17,15,6,4,11,5.0,10,70.0,200.0,3,2
10011,4,3,34,0,681,113,45,30.0,60.0,20,230,0,3,15.0,0,120.0,0,22,0,17,15,6,6,11,8.0,2,60.0,200.0,3,0
4638,4,3,1,0,734,115,45,30.0,60.0,20,1100,0,3,33.5,0,180.0,0,76,0,17,15,6,3,8,3.0,15,70.0,200.0,6,0
6290,4,3,4,0,45,20,10,10.0,10.0,20,95,0,0,2.0,0,110.0,0,25,0,17,15,3,0,2,6.0,2,60.0,200.0,12,3
3908,4,3,1,0,676,30,28,28.0,28.0,20,310,0,6,16.2,0,220.0,0,22,0,17,47,6,6,2,7.0,2,60.0,200.0,4,2
5943,4,3,2,0,1004,34,45,30.0,60.0,20,180,0,3,11.5,0,90.0,0,25,0,17,15,6,0,8,4.0,0,50.0,80.0,4,0
6399,4,3,4,0,300,20,20,20.0,20.0,20,210,0,7,14.0,0,135.0,0,25,0,17,15,3,8,2,16.0,2,60.0,200.0,9,3
6053,4,3,1,0,543,11,14,14.0,14.0,20,510,0,3,25.0,0,150.0,0,52,0,17,94,6,0,2,8.0,15,70.0,200.0,1,2
9352,4,0,20,0,610,41,6,6.0,6.0,20,80,0,2,5.0,0,155.0,0,76,0,17,98,6,7,6,10.0,9,80.0,200.0,5,1
5170,4,3,2,0,873,21,45,30.0,60.0,20,115,0,0,4.5,0,65.0,0,31,0,17,15,1,7,2,5.0,1,60.0,200.0,12,2
7749,4,0,4,0,32,20,9,9.0,9.0,20,105,0,5,10.0,0,160.0,0,30,0,17,49,6,3,8,2.0,6,80.0,400.0,6,2
7359,4,0,2,0,849,34,12,12.0,12.0,20,360,0,2,9.5,0,10.0,0,76,0,17,93,6,7,7,7.5,6,80.0,600.0,1,2
9093,4,3,27,0,0,106,8,8.0,8.0,20,280,0,5,17.5,0,150.0,0,37,0,17,15,1,0,11,6.0,2,60.0,200.0,8,0
4032,4,3,2,0,993,112,29,29.0,29.0,20,165,0,2,8.0,0,60.0,0,40,0,17,15,1,2,9,6.5,15,60.0,200.0,11,2
5095,4,3,2,0,389,34,24,24.0,24.0,20,155,0,2,7.5,0,210.0,0,20,0,17,76,1,4,2,6.0,4,60.0,200.0,13,1
5584,4,3,1,0,767,11,10,10.0,10.0,20,250,0,8,19.5,0,150.0,0,20,0,17,15,6,4,9,3.0,1,60.0,200.0,7,0
6670,4,3,2,0,682,84,45,30.0,60.0,20,165,0,2,10.0,0,85.0,0,28,0,17,15,6,8,2,6.0,2,60.0,200.0,2,2
774,4,0,0,0,1349,65,26,26.0,26.0,20,65,0,3,10.0,0,85.0,0,29,0,17,15,6,6,2,10.5,9,80.0,200.0,8,0
3424,4,3,2,0,586,74,16,16.0,16.0,20,200,0,2,18.0,0,95.0,0,76,0,17,15,1,4,9,5.0,0,60.0,150.0,10,1
9115,4,3,7,0,1284,120,28,28.0,28.0,20,110,0,3,6.5,0,60.0,0,34,0,17,85,6,4,8,4.0,1,60.0,200.0,2,3
7855,4,0,3,0,1206,66,19,19.0,19.0,20,310,0,1,50.0,1,110.0,0,37,0,6,79,6,8,7,19.0,5,60.0,200.0,7,3
5349,4,3,1,0,536,30,45,30.0,60.0,20,130,0,2,12.0,0,135.0,0,33,0,17,15,6,6,8,6.0,1,60.0,200.0,6,3
9845,4,3,27,0,968,44,45,30.0,60.0,20,1200,0,1,7.0,0,220.0,0,53,0,1,100,6,4,11,6.5,10,70.0,200.0,2,3
8610,4,3,21,0,1173,80,4,4.0,4.0,20,690,0,1,6.0,0,330.0,0,10,0,17,110,3,5,7,10.0,2,60.0,200.0,12,0
1033,4,3,0,0,378,89,45,30.0,60.0,20,1400,0,3,31.0,0,160.0,0,34,0,17,15,6,6,2,7.0,10,70.0,200.0,10,1
8656,4,3,21,0,1226,80,45,30.0,60.0,20,1700,0,1,40.0,0,70.0,0,76,0,17,0,5,8,7,7.0,10,70.0,200.0,8,0
7491,4,3,4,0,50,20,8,8.0,8.0,20,310,0,6,17.5,0,175.0,0,76,0,17,47,6,6,6,15.0,5,60.0,200.0,4,2
2325,4,3,0,0,198,3,26,26.0,26.0,20,105,0,3,7.3,0,45.0,0,24,0,17,15,6,0,2,5.5,1,60.0,200.0,2,2
1351,4,3,0,0,11,3,24,24.0,24.0,20,70,0,2,4.5,0,95.0,0,32,0,17,15,6,5,9,10.0,13,60.0,200.0,7,1
1078,4,3,0,0,356,3,45,30.0,60.0,20,90,0,6,13.0,0,75.0,0,32,0,17,15,1,6,9,5.0,0,50.0,80.0,10,3
1069,4,3,0,0,356,3,45,30.0,60.0,20,85,0,7,9.5,0,75.0,0,23,0,17,15,2,4,2,5.0,0,50.0,80.0,12,0
7922,4,3,3,0,6,66,29,29.0,29.0,20,195,0,2,9.5,0,105.0,0,47,0,17,15,6,4,2,6.0,10,70.0,200.0,2,2
6600,4,3,2,0,1301,123,10,10.0,10.0,20,150,0,2,6.0,0,85.0,0,26,0,17,110,6,7,2,8.0,0,50.0,80.0,5,2
6281,4,0,2,0,276,63,14,14.0,14.0,20,45,0,1,4.5,0,80.0,0,47,0,0,15,6,8,2,5.5,6,80.0,400.0,6,1
1208,4,3,0,0,952,3,45,30.0,60.0,20,210,0,3,20.0,0,250.0,0,27,0,17,53,6,4,2,6.0,0,50.0,80.0,4,2
4079,4,3,0,0,1216,3,45,30.0,60.0,20,330,0,8,16.5,0,15.0,0,32,0,17,93,6,8,9,6.0,15,70.0,200.0,6,2
5765,4,3,3,0,1310,66,13,13.0,13.0,20,320,0,2,11.0,0,145.0,0,37,0,17,15,1,6,8,6.0,2,60.0,200.0,11,3
9891,4,3,18,0,969,108,14,14.0,14.0,20,165,0,2,13.0,0,135.0,0,76,0,17,15,6,2,11,5.0,6,80.0,400.0,3,0
9645,4,3,25,0,275,71,45,30.0,60.0,20,260,0,7,15.0,0,95.0,0,38,0,17,15,6,3,11,6.0,0,50.0,80.0,5,3
7349,4,3,2,0,844,84,5,5.0,5.0,20,115,0,2,14.0,0,90.0,0,23,0,17,15,6,6,8,2.5,15,60.0,200.0,2,1
9937,4,3,21,0,1173,80,21,21.0,21.0,20,220,0,2,10.5,0,60.0,0,37,0,17,15,6,4,9,2.5,10,70.0,200.0,3,3
9769,4,3,34,0,1183,113,45,30.0,60.0,20,220,0,5,14.0,0,75.0,0,31,0,17,15,6,7,11,5.0,2,60.0,200.0,6,2
2813,4,3,0,0,1338,3,20,20.0,20.0,20,150,0,3,15.1,0,55.0,0,26,0,17,15,6,3,2,5.0,4,60.0,200.0,7,0
9683,4,3,21,0,945,80,45,30.0,60.0,20,1200,0,1,18.0,0,250.0,0,29,0,17,15,6,0,11,6.0,10,70.0,200.0,2,0
73,4,3,0,0,425,0,15,15.0,15.0,20,105,0,8,9.0,0,70.0,0,31,0,17,15,3,7,2,6.5,4,60.0,200.0,13,2
6431,4,3,4,0,796,20,24,24.0,24.0,20,165,0,3,15.0,0,110.0,0,26,0,17,15,1,2,8,3.5,5,60.0,200.0,9,2
9654,4,3,20,0,713,41,45,30.0,60.0,20,620,0,3,20.5,0,100.0,0,51,0,17,15,6,3,6,8.5,10,70.0,200.0,2,1
7639,4,3,7,0,301,120,45,30.0,60.0,20,200,0,2,16.0,0,90.0,0,39,0,17,15,1,6,8,6.0,10,70.0,200.0,13,2
1025,4,3,0,0,18,3,45,30.0,60.0,20,95,0,6,11.5,0,115.0,0,25,0,17,15,6,2,2,6.0,14,60.0,200.0,4,1
7534,4,3,3,0,658,66,45,30.0,60.0,20,1900,0,2,25.5,0,400.0,0,24,0,17,49,6,7,7,6.3,10,70.0,200.0,5,0
7684,4,3,3,0,81,66,45,30.0,60.0,20,200,0,4,15.0,0,140.0,0,34,0,17,15,6,3,2,4.0,10,70.0,200.0,5,3
2376,4,3,1,0,628,30,45,30.0,60.0,20,200,0,2,13.0,0,100.0,0,22,0,17,15,1,8,2,6.0,0,60.0,150.0,12,1
7983,4,0,2,0,1354,34,3,3.0,3.0,20,60,0,6,13.0,0,105.0,0,76,0,17,15,6,8,7,9.0,6,80.0,400.0,3,3
5336,4,3,2,0,85,34,45,30.0,60.0,20,190,0,1,5.0,0,80.0,0,33,0,17,15,1,3,8,4.0,0,50.0,80.0,8,3
708,4,3,0,0,1065,145,8,8.0,8.0,20,280,0,6,16.0,0,70.0,0,19,0,17,15,3,3,8,2.5,2,60.0,200.0,8,2
5507,4,3,1,0,629,30,10,10.0,10.0,20,95,0,6,8.5,0,75.0,0,32,0,17,15,6,7,2,6.0,2,60.0,200.0,2,2
712,4,3,0,0,68,3,45,30.0,60.0,20,65,0,3,6.5,0,80.0,0,16,0,17,44,6,6,2,7.0,2,60.0,200.0,13,2
7166,4,3,6,0,799,71,45,30.0,60.0,20,940,0,2,19.0,0,80.0,0,36,0,17,110,3,0,2,3.2,1,60.0,200.0,8,1
3325,4,3,0,0,356,121,45,30.0,60.0,20,185,0,6,9.2,0,115.0,0,28,0,17,15,6,4,2,6.4,0,50.0,80.0,5,0
5144,4,0,1,0,1132,30,19,19.0,19.0,20,160,0,2,4.5,0,70.0,0,20,0,17,47,6,4,2,12.5,9,80.0,200.0,6,3
9526,4,3,25,0,275,71,45,30.0,60.0,20,270,0,7,15.0,0,85.0,0,34,0,17,15,6,4,11,6.0,0,50.0,80.0,4,0
2507,4,3,1,0,1007,30,75,60.0,90.0,20,620,0,1,30.0,0,145.0,0,55,0,17,44,1,7,2,6.0,15,70.0,200.0,11,2
641,4,3,0,0,1034,138,19,19.0,19.0,20,200,0,2,11.5,0,105.0,0,38,0,17,15,1,3,2,6.0,0,50.0,80.0,8,1
6578,4,3,2,0,1186,34,3,3.0,3.0,20,200,0,2,11.0,0,240.0,0,21,0,17,47,6,2,8,4.0,2,60.0,200.0,1,2
7842,4,3,3,0,304,66,13,13.0,13.0,20,165,0,2,9.5,0,70.0,0,26,0,17,15,6,8,9,5.0,1,60.0,200.0,7,1
2186,4,3,1,0,511,30,105,90.0,120.0,20,360,0,8,23.0,0,130.0,0,0,1,17,16,3,8,2,7.5,2,60.0,200.0,8,1
5044,4,3,1,0,477,12,8,8.0,8.0,20,75,0,3,7.5,0,100.0,0,32,0,17,15,6,0,2,8.0,1,60.0,200.0,6,3
9987,4,3,38,0,473,98,45,30.0,60.0,20,280,0,6,17.5,0,100.0,0,44,0,17,15,6,7,11,6.0,0,50.0,80.0,2,2
6998,4,3,1,0,712,61,3,3.0,3.0,20,370,0,3,19.0,0,135.0,0,76,0,17,15,6,3,7,10.0,15,70.0,200.0,3,1
9721,4,3,27,0,21,44,15,15.0,15.0,20,430,0,2,23.0,0,270.0,0,46,0,1,100,6,7,11,8.0,2,60.0,200.0,7,2
2428,4,3,0,0,374,89,23,23.0,23.0,20,790,0,3,15.5,0,145.0,0,33,0,17,15,6,0,7,10.5,10,70.0,200.0,4,1
8849,4,3,24,0,0,117,75,60.0,90.0,20,200,0,2,11.0,0,70.0,0,40,0,17,15,1,4,11,6.0,10,70.0,200.0,8,2
8872,4,3,7,0,1289,120,5,5.0,5.0,20,165,0,1,4.5,0,75.0,0,31,0,17,15,6,0,9,6.5,8,60.0,200.0,7,2
9037,4,3,4,0,598,20,45,30.0,60.0,20,175,0,1,10.0,0,105.0,0,45,0,17,15,6,6,2,6.0,10,70.0,200.0,3,2
9985,4,3,38,0,1168,23,105,90.0,120.0,20,330,0,1,25.0,0,95.0,0,44,0,1,15,6,4,11,6.0,10,70.0,200.0,1,1
430,4,3,0,0,281,65,12,12.0,12.0,20,150,0,6,11.5,0,80.0,0,32,0,17,15,6,3,2,6.0,0,60.0,150.0,10,3
8717,4,3,23,0,0,56,13,13.0,13.0,20,165,0,3,10.0,0,75.0,0,31,0,17,15,3,3,11,6.0,10,70.0,200.0,9,2
9587,4,3,17,0,486,14,6,6.0,6.0,20,140,0,6,10.0,0,75.0,0,21,0,17,15,6,6,8,3.0,2,60.0,200.0,2,2
6020,4,3,4,0,933,129,29,29.0,29.0,20,850,0,1,17.5,0,260.0,0,32,0,6,43,5,4,6,10.0,10,70.0,200.0,13,2
8707,4,3,23,0,0,56,9,9.0,9.0,20,300,0,1,9.0,0,105.0,0,12,0,17,15,1,2,8,2.0,6,80.0,400.0,11,1
1214,4,3,0,0,952,3,45,30.0,60.0,20,165,0,0,2.5,0,140.0,0,31,0,17,61,6,6,8,6.5,0,50.0,80.0,4,1
3621,4,3,2,0,937,123,45,30.0,60.0,20,165,0,2,10.0,0,100.0,0,47,0,17,15,6,6,9,5.0,15,60.0,200.0,10,0
8896,4,3,3,0,61,66,16,16.0,16.0,20,185,0,2,9.0,0,220.0,0,24,0,17,100,6,5,2,5.5,0,50.0,80.0,3,0
9433,4,3,38,0,1309,47,75,60.0,90.0,20,220,0,3,13.5,0,160.0,0,38,0,17,61,6,7,11,6.0,2,60.0,200.0,8,2
3393,4,3,2,0,586,74,5,5.0,5.0,20,175,0,3,13.0,0,85.0,0,33,0,17,15,1,6,8,3.5,2,60.0,200.0,12,1
825,4,3,0,0,1351,142,9,9.0,9.0,20,75,0,3,11.0,0,65.0,0,36,0,17,15,1,5,2,9.0,0,60.0,150.0,11,2
4466,4,3,1,0,1165,30,75,60.0,90.0,20,230,0,2,13.5,0,90.0,0,35,0,20,15,6,5,9,2.5,15,70.0,200.0,4,1
9011,4,3,3,0,294,66,25,25.0,25.0,20,2000,1,3,36.5,0,350.0,0,49,0,1,79,6,6,2,6.0,0,50.0,80.0,3,1
6255,4,3,2,0,1089,21,45,30.0,60.0,20,135,0,3,10.3,0,70.0,0,26,0,17,15,6,6,8,4.0,15,60.0,200.0,4,2
9862,4,3,27,0,0,106,45,30.0,60.0,20,1300,0,6,25.0,0,230.0,0,43,0,17,15,6,5,11,10.0,10,70.0,200.0,2,1
9509,4,3,13,0,36,48,19,19.0,19.0,20,220,0,7,15.0,0,150.0,0,41,0,17,15,6,5,11,6.0,2,60.0,200.0,1,1
9257,4,3,10,0,1018,118,13,13.0,13.0,20,430,0,3,19.0,0,165.0,0,24,0,17,15,6,4,11,6.0,10,70.0,200.0,7,1
5549,4,3,2,0,1218,57,45,30.0,60.0,20,330,0,2,14.5,0,95.0,0,20,0,17,15,1,8,2,4.0,15,60.0,200.0,10,2
7550,4,0,7,0,1332,120,45,30.0,60.0,20,110,0,0,4.0,0,90.0,0,26,0,17,15,4,5,2,2.0,6,80.0,400.0,9,3
8245,4,3,14,0,868,1,11,11.0,11.0,20,130,0,3,14.0,0,100.0,0,23,0,17,15,3,3,11,5.0,2,60.0,200.0,13,0
6005,4,3,4,0,1187,129,6,6.0,6.0,20,195,0,8,10.0,0,100.0,0,41,0,17,100,5,7,9,4.0,10,70.0,200.0,8,1
4050,4,3,2,0,993,112,14,14.0,14.0,20,165,0,3,9.1,0,100.0,0,21,0,18,15,3,0,8,6.5,2,60.0,200.0,10,0
7735,4,0,4,0,22,20,3,3.0,3.0,20,150,0,2,6.5,0,130.0,0,15,0,0,100,6,7,2,5.0,6,80.0,400.0,6,2
5545,4,3,2,0,937,123,25,25.0,25.0,20,115,0,2,9.0,0,65.0,0,31,0,17,15,6,3,8,4.0,0,50.0,80.0,4,3
4058,4,3,2,0,993,112,18,18.0,18.0,20,195,0,5,13.0,0,120.0,0,31,0,17,15,1,2,8,2.0,0,50.0,80.0,8,3
9711,4,3,25,0,275,71,45,30.0,60.0,20,270,0,3,15.0,0,85.0,0,34,0,17,15,6,4,11,6.0,0,50.0,80.0,7,0
5783,4,3,0,0,374,89,29,29.0,29.0,20,540,0,8,11.0,0,120.0,0,34,0,17,15,6,7,2,3.0,10,70.0,200.0,3,1
182,4,3,0,0,952,3,45,30.0,60.0,20,200,0,1,10.0,0,105.0,0,38,0,17,15,1,4,8,6.5,0,50.0,80.0,10,0
975,4,3,0,0,369,13,14,14.0,14.0,20,310,0,3,11.5,0,115.0,0,45,0,17,15,1,3,2,7.0,10,70.0,200.0,9,0
8407,4,0,18,0,740,108,14,14.0,14.0,20,350,0,3,28.0,0,400.0,0,25,0,17,98,2,5,6,17.0,5,60.0,200.0,9,2
8539,4,3,6,0,1249,71,16,16.0,16.0,20,130,0,2,8.5,0,85.0,0,14,0,17,15,6,6,2,7.5,2,60.0,200.0,7,2
2806,4,3,0,0,1338,3,23,23.0,23.0,20,195,0,2,11.8,0,210.0,0,28,0,17,15,6,6,2,5.0,4,60.0,200.0,7,2
2916,4,3,0,0,1338,3,20,20.0,20.0,20,125,0,2,9.0,0,90.0,0,20,0,17,15,6,7,2,4.0,4,60.0,200.0,5,3
8251,4,3,14,0,506,1,45,30.0,60.0,20,230,0,3,17.0,0,100.0,0,22,0,17,15,3,0,11,4.5,2,60.0,200.0,9,3
225,4,3,0,0,1246,3,24,24.0,24.0,20,100,0,2,7.5,0,75.0,0,33,0,17,15,3,7,2,5.0,4,60.0,200.0,10,2
9860,4,3,38,0,1309,47,105,90.0,120.0,20,200,0,2,17.0,0,160.0,0,39,0,17,61,6,3,11,7.5,2,60.0,200.0,6,2
6163,4,3,1,0,760,30,105,90.0,120.0,20,480,0,2,27.0,0,145.0,0,36,0,17,15,6,6,2,5.5,15,70.0,200.0,1,3
3097,4,3,1,0,801,115,8,8.0,8.0,20,320,0,2,16.0,0,110.0,0,38,0,17,15,1,2,8,3.5,1,60.0,200.0,11,3
9778,4,3,34,0,1239,113,45,30.0,60.0,20,430,0,3,9.0,0,200.0,0,16,0,17,15,6,8,11,9.0,2,60.0,200.0,6,2
8238,4,0,14,0,1093,1,6,6.0,6.0,20,140,0,2,7.5,0,65.0,0,49,0,17,98,5,7,11,8.5,9,80.0,200.0,9,1
7559,4,3,7,0,74,120,9,9.0,9.0,20,220,0,2,8.0,0,70.0,0,46,0,17,15,1,4,9,5.5,9,80.0,200.0,10,2
8491,4,3,19,0,759,111,45,30.0,60.0,20,430,0,3,30.0,0,65.0,0,76,0,20,93,1,8,12,6.0,15,70.0,200.0,10,2
8284,4,3,7,0,1250,2,9,9.0,9.0,20,280,0,2,14.0,0,130.0,0,49,0,17,15,6,3,2,6.0,10,70.0,200.0,4,0
9967,4,3,38,0,427,23,75,60.0,90.0,20,720,0,1,4.5,0,200.0,0,49,0,17,15,6,4,11,11.0,10,70.0,200.0,1,1
1032,4,3,0,0,378,89,45,30.0,60.0,20,520,0,3,19.0,0,195.0,0,28,0,17,15,1,3,7,11.0,10,70.0,200.0,10,1
4188,4,3,1,0,619,11,23,23.0,23.0,20,380,0,7,19.0,0,145.0,0,64,0,17,31,6,5,2,25.0,2,60.0,200.0,7,3
5825,4,3,0,0,375,13,45,30.0,60.0,20,500,0,3,14.0,0,135.0,0,43,0,17,15,6,8,7,11.0,10,70.0,200.0,3,1
8294,4,3,2,0,1286,76,12,12.0,12.0,20,90,0,2,7.0,0,125.0,0,33,0,17,100,6,3,2,11.0,4,60.0,200.0,3,2
5703,4,3,3,0,658,66,45,30.0,60.0,20,850,0,1,11.0,0,340.0,0,56,0,6,105,0,7,2,7.0,10,70.0,100.0,9,1
7048,4,3,2,0,875,76,16,16.0,16.0,20,410,0,5,20.0,0,160.0,0,22,0,17,15,6,8,2,6.0,2,60.0,200.0,7,2
9147,4,3,17,0,486,14,24,24.0,24.0,20,400,0,7,19.0,0,95.0,0,32,0,17,15,6,6,11,3.0,15,70.0,200.0,4,0
3180,4,3,0,0,370,89,10,10.0,10.0,20,165,0,2,9.0,0,120.0,0,34,0,17,15,6,6,2,4.0,1,60.0,150.0,5,3
6430,4,3,4,0,796,20,45,30.0,60.0,20,330,0,6,18.5,0,50.0,0,44,0,17,98,3,4,6,8.0,10,70.0,200.0,10,1
5395,4,3,2,0,318,123,28,28.0,28.0,20,135,0,2,10.5,0,100.0,0,40,0,17,15,3,7,2,6.0,0,50.0,80.0,10,2
2278,4,3,1,0,997,30,105,90.0,120.0,20,1100,0,1,40.5,0,50.0,0,30,0,20,110,5,8,9,5.5,15,70.0,200.0,11,2
9623,4,3,25,0,275,71,45,30.0,60.0,20,290,0,2,14.0,0,95.0,0,37,0,17,15,6,4,11,6.5,1,60.0,200.0,6,1
9500,4,3,20,0,672,41,75,60.0,90.0,20,510,0,3,20.0,0,110.0,0,35,0,17,93,6,3,7,6.5,10,70.0,200.0,7,1
9156,4,3,7,0,1336,120,45,30.0,60.0,20,250,0,3,19.0,0,85.0,0,35,0,17,15,6,6,8,7.0,10,70.0,200.0,2,3
8086,4,3,9,0,350,136,4,4.0,4.0,20,1500,0,1,17.5,0,210.0,0,31,0,17,110,3,6,2,6.0,2,60.0,200.0,12,3
4323,4,1,2,0,1043,123,11,11.0,11.0,20,220,0,6,18.0,0,185.0,0,20,0,20,110,5,2,9,8.0,8,60.0,200.0,12,3
1504,4,3,0,0,704,27,29,29.0,29.0,20,115,0,2,7.0,0,50.0,0,39,0,17,15,6,6,9,5.0,15,70.0,200.0,4,2
3541,4,3,2,0,1186,34,4,4.0,4.0,20,130,0,2,7.5,0,115.0,0,19,0,17,61,6,2,8,4.5,2,60.0,200.0,12,0
5357,4,3,0,0,68,27,45,30.0,60.0,20,80,0,3,5.0,0,95.0,0,46,0,17,15,6,2,2,13.0,2,60.0,200.0,3,0
9021,4,3,3,0,1206,66,18,18.0,18.0,20,260,0,1,15.5,0,160.0,0,21,0,17,61,6,5,9,4.0,2,60.0,200.0,3,3
1591,4,3,0,0,440,3,75,60.0,90.0,20,270,0,1,18.0,0,35.0,0,41,0,17,100,6,6,2,7.0,15,70.0,200.0,6,2
7472,4,3,7,0,1273,104,45,30.0,60.0,20,860,0,1,34.5,0,115.0,0,57,0,17,15,1,0,6,8.0,1,60.0,200.0,10,3
7057,4,3,2,0,875,76,45,30.0,60.0,20,135,0,2,11.5,0,75.0,0,31,0,17,15,6,6,2,6.5,0,50.0,80.0,7,0
7836,4,0,8,0,238,59,16,16.0,16.0,20,90,0,2,6.0,0,90.0,0,76,0,17,98,1,7,7,10.5,6,80.0,400.0,8,3
7967,4,0,9,0,1254,136,8,8.0,8.0,20,1100,0,3,19.5,0,195.0,0,19,0,17,15,6,3,2,7.0,9,80.0,200.0,9,2
2410,4,3,0,0,1034,138,6,6.0,6.0,20,195,0,6,17.5,0,180.0,0,29,0,17,47,6,6,7,5.5,0,50.0,80.0,7,2
9218,4,3,14,0,430,73,6,6.0,6.0,20,330,0,3,13.0,0,115.0,0,34,0,17,15,6,2,11,5.0,10,70.0,200.0,6,2
9888,4,3,17,0,486,14,25,25.0,25.0,20,450,0,3,13.0,0,220.0,0,22,0,17,85,6,6,11,3.0,15,70.0,200.0,3,2
4689,4,3,2,0,854,34,45,30.0,60.0,20,200,0,3,13.5,0,60.0,0,22,0,17,15,1,0,2,4.0,0,50.0,80.0,9,1
7980,4,3,9,0,205,28,7,7.0,7.0,20,240,0,3,12.0,0,100.0,0,29,0,17,15,1,8,2,4.0,2,60.0,200.0,9,2
7494,4,3,3,0,1357,66,9,9.0,9.0,20,490,0,3,11.5,0,65.0,0,76,0,17,15,6,6,2,5.5,1,60.0,200.0,6,3
8483,4,3,7,0,1091,120,75,60.0,90.0,20,1000,0,2,19.5,0,185.0,0,76,0,17,15,6,4,2,9.0,10,70.0,200.0,4,2
2455,4,3,1,0,627,115,8,8.0,8.0,20,200,0,3,22.0,0,180.0,0,46,0,17,15,1,3,2,6.0,0,60.0,150.0,12,1
10026,4,3,38,0,1308,47,75,60.0,90.0,20,180,0,2,10.5,0,95.0,0,43,0,17,15,6,4,9,6.0,1,60.0,200.0,3,0
2011,4,3,1,0,665,30,105,90.0,120.0,20,250,0,2,14.0,0,90.0,0,32,0,17,15,1,2,2,5.5,15,70.0,200.0,10,2
1011,4,3,0,0,362,89,45,30.0,60.0,20,500,0,1,33.5,0,400.0,0,19,0,17,45,1,5,2,6.0,10,70.0,200.0,9,3
9621,4,3,25,0,275,71,45,30.0,60.0,20,260,0,3,14.0,0,95.0,0,37,0,17,15,6,6,11,12.0,1,60.0,200.0,6,1
8235,4,3,14,0,430,73,2,2.0,2.0,20,310,0,6,24.0,0,140.0,0,40,0,17,15,1,2,7,6.5,10,70.0,200.0,10,2
7032,4,3,6,0,139,71,45,30.0,60.0,20,155,0,5,11.5,0,75.0,0,12,0,17,15,3,5,9,4.5,1,60.0,200.0,12,0
1400,4,3,0,0,664,3,105,90.0,120.0,20,220,0,1,30.5,0,70.0,0,39,0,17,100,6,8,2,3.0,15,70.0,200.0,4,3
529,4,3,0,0,995,121,45,30.0,60.0,20,155,0,2,10.5,0,105.0,0,35,0,17,15,1,2,2,6.5,0,50.0,80.0,9,2
9850,4,3,27,0,183,44,11,11.0,11.0,20,360,0,4,11.0,0,105.0,0,15,0,17,15,6,8,8,2.0,4,60.0,200.0,2,0
3846,4,3,2,0,282,63,11,11.0,11.0,20,160,0,3,18.0,0,110.0,0,27,0,17,15,1,7,2,2.5,8,60.0,200.0,10,3
2963,4,3,1,0,569,11,12,12.0,12.0,20,110,0,3,6.5,0,70.0,0,35,0,17,15,3,7,2,5.5,0,50.0,80.0,11,2
9671,4,3,20,0,526,41,12,12.0,12.0,20,270,0,2,10.5,0,105.0,0,32,0,1,94,6,7,11,6.5,5,60.0,200.0,2,2
1603,4,3,0,0,1374,145,6,6.0,6.0,20,210,0,2,10.5,0,185.0,0,31,0,17,61,1,6,2,6.5,0,50.0,80.0,12,3
8688,4,3,7,0,1273,104,45,30.0,60.0,20,300,0,2,19.0,0,135.0,0,34,0,17,15,6,7,9,6.0,1,60.0,200.0,5,0
9208,4,3,4,0,571,20,45,30.0,60.0,20,180,0,2,11.0,0,95.0,0,44,0,17,15,6,5,2,6.0,10,70.0,200.0,3,1
9859,4,3,27,0,876,44,105,90.0,120.0,20,500,0,3,29.0,0,125.0,0,39,0,17,47,6,2,7,9.0,10,70.0,200.0,1,3
716,4,3,0,0,68,27,45,30.0,60.0,20,50,0,3,4.5,0,60.0,0,30,0,20,15,3,5,2,6.0,2,60.0,200.0,11,1
4709,4,3,1,0,980,30,45,30.0,60.0,20,320,0,2,20.5,0,180.0,0,23,0,17,15,6,7,2,6.0,0,60.0,150.0,6,2
5351,4,3,1,0,536,30,45,30.0,60.0,20,135,0,2,13.0,0,80.0,0,35,0,17,15,6,6,8,6.0,1,60.0,200.0,6,2
9287,4,3,34,0,475,113,45,30.0,60.0,20,400,0,1,13.5,0,200.0,0,36,0,6,61,3,3,9,2.5,2,60.0,200.0,8,3
4061,4,3,2,0,993,127,9,9.0,9.0,20,360,0,8,21.0,0,135.0,0,27,0,17,15,1,7,8,2.8,15,60.0,200.0,11,2
2196,4,3,0,0,995,121,18,18.0,18.0,20,170,0,3,11.0,0,65.0,0,28,0,17,15,6,4,2,6.5,0,50.0,80.0,7,2
3064,4,3,1,0,767,11,11,11.0,11.0,20,270,0,2,14.0,0,130.0,0,26,0,17,15,1,4,8,3.5,1,60.0,200.0,13,2
3616,4,3,0,0,370,89,29,29.0,29.0,20,480,0,1,38.0,0,175.0,0,35,0,17,15,6,7,2,5.0,10,70.0,200.0,2,1
2256,4,3,1,0,991,30,75,60.0,90.0,20,230,0,7,15.0,0,65.0,0,30,0,17,15,1,0,2,6.0,0,50.0,80.0,9,1
729,4,3,0,0,74,3,25,25.0,25.0,20,210,0,3,9.0,0,320.0,0,18,0,17,0,6,0,2,10.0,5,60.0,200.0,10,3
8831,4,3,7,0,1372,120,45,30.0,60.0,20,320,0,2,13.5,0,175.0,0,16,0,17,15,6,8,2,6.3,0,50.0,80.0,6,0
8433,4,3,18,0,878,108,9,9.0,9.0,20,175,0,3,12.0,0,60.0,0,35,0,17,15,3,6,11,6.0,2,60.0,200.0,12,3
7543,4,3,7,0,1091,120,45,30.0,60.0,20,440,0,3,16.0,0,135.0,0,35,0,17,15,6,6,8,6.0,10,70.0,200.0,8,0
9308,4,3,35,0,690,21,105,90.0,120.0,20,920,0,0,26.0,0,220.0,0,31,0,17,15,1,0,11,5.0,10,70.0,200.0,11,0
391,4,3,0,0,270,27,45,30.0,60.0,20,250,0,3,15.5,0,125.0,0,27,0,17,15,1,3,2,6.0,0,50.0,80.0,9,1
8612,4,3,21,0,1173,80,8,8.0,8.0,20,1100,0,3,23.0,0,200.0,0,20,0,17,110,2,0,11,6.0,2,60.0,200.0,11,3
6366,4,0,2,0,276,63,15,15.0,15.0,20,85,0,5,9.5,0,155.0,0,15,0,17,15,6,4,2,12.0,9,80.0,200.0,5,3
3818,4,3,0,0,89,3,16,16.0,16.0,20,55,0,5,7.5,0,80.0,0,24,0,17,47,6,2,2,3.8,9,80.0,200.0,5,1
7847,4,3,1,0,806,30,105,90.0,120.0,20,260,0,8,20.0,0,170.0,0,54,0,17,79,6,6,7,16.0,15,70.0,200.0,3,3
6426,4,3,4,0,306,20,45,30.0,60.0,20,330,0,3,15.0,0,105.0,0,41,0,17,15,1,2,2,6.0,0,50.0,80.0,8,2
7434,4,3,2,0,875,76,14,14.0,14.0,20,105,0,3,6.5,0,105.0,0,33,0,17,15,6,2,8,3.0,4,60.0,200.0,2,3
3742,4,3,0,0,102,65,12,12.0,12.0,20,100,0,3,13.0,0,120.0,0,47,0,17,83,6,0,2,18.0,14,60.0,200.0,5,2
19,4,3,0,0,11,3,45,30.0,60.0,20,95,0,7,9.5,0,75.0,0,33,0,17,15,6,0,9,6.5,13,60.0,200.0,8,0
7808,4,3,8,0,238,59,14,14.0,14.0,20,1300,0,2,26.0,0,300.0,0,17,0,17,16,3,5,2,9.0,4,60.0,200.0,11,2
500,4,3,0,0,995,121,45,30.0,60.0,20,105,0,3,9.0,0,80.0,0,29,0,17,15,6,5,2,6.5,0,50.0,80.0,13,0
3512,4,3,0,0,1225,27,75,60.0,90.0,20,220,0,6,11.0,0,105.0,0,48,0,17,15,6,3,2,6.5,15,70.0,200.0,4,3
2391,4,3,0,0,286,3,14,14.0,14.0,20,130,0,3,7.5,0,115.0,0,31,0,17,15,6,7,2,7.0,1,60.0,200.0,2,1
4847,4,3,2,0,875,123,45,30.0,60.0,20,170,0,6,6.5,0,55.0,0,32,0,17,15,1,7,9,4.5,0,50.0,80.0,9,2
7865,4,3,1,0,1203,40,45,30.0,60.0,20,175,0,3,10.5,0,100.0,0,38,0,17,15,6,4,2,2.7,15,70.0,200.0,3,2
8906,4,3,6,0,75,71,20,20.0,20.0,20,110,0,3,14.5,0,120.0,0,26,0,17,15,6,4,2,6.5,6,80.0,400.0,2,0
3997,4,3,2,0,1271,123,45,30.0,60.0,20,130,0,2,7.0,0,80.0,0,35,0,17,15,1,4,2,5.0,0,50.0,80.0,8,3
9960,4,3,23,0,0,93,12,12.0,12.0,20,210,0,6,10.5,0,115.0,0,29,0,17,15,6,6,8,1.8,2,60.0,200.0,3,1
9275,4,3,34,0,681,113,45,30.0,60.0,20,160,0,3,10.0,0,75.0,0,24,0,17,15,1,8,7,8.5,2,60.0,200.0,10,1
2912,4,3,0,0,1034,138,16,16.0,16.0,20,165,0,2,15.0,0,130.0,0,37,0,17,15,6,5,2,7.0,0,50.0,80.0,1,1
8819,4,3,24,0,0,117,45,30.0,60.0,20,2000,1,1,14.6,0,2000.0,1,28,0,2,98,3,8,7,10.0,9,80.0,200.0,12,0
8507,4,3,20,0,610,41,9,9.0,9.0,20,115,0,2,13.0,0,150.0,0,0,1,17,47,3,5,11,7.0,5,60.0,200.0,8,1
5850,4,3,3,0,294,66,28,28.0,28.0,20,180,0,2,10.5,0,65.0,0,41,0,17,15,6,4,2,6.0,10,70.0,200.0,12,3
5820,4,3,2,0,276,76,7,7.0,7.0,20,200,0,6,14.0,0,135.0,0,31,0,17,110,6,2,2,3.5,9,80.0,200.0,4,0
8731,4,3,23,0,0,93,14,14.0,14.0,20,500,0,3,24.0,0,490.0,0,38,0,17,16,5,7,11,6.0,10,70.0,200.0,13,1
1321,4,3,0,0,106,145,13,13.0,13.0,20,180,0,2,10.0,0,95.0,0,27,0,17,110,1,7,2,6.0,2,60.0,200.0,13,2
9330,4,3,18,0,802,124,9,9.0,9.0,20,180,0,1,31.0,0,110.0,0,38,0,17,15,6,5,11,8.5,15,70.0,200.0,6,3
1358,4,0,0,0,89,3,8,8.0,8.0,20,55,0,5,7.0,0,85.0,0,1,0,17,47,4,5,2,12.5,6,80.0,400.0,10,3
8167,4,3,10,0,721,62,14,14.0,14.0,20,280,0,6,13.0,0,175.0,0,36,0,17,15,5,5,11,8.5,2,60.0,200.0,11,2
6379,4,3,2,0,276,63,12,12.0,12.0,20,165,0,2,7.5,0,230.0,0,32,0,2,37,6,7,2,8.5,6,80.0,400.0,5,1
55,4,3,0,0,18,3,28,28.0,28.0,20,150,0,6,14.5,0,105.0,0,37,0,17,15,1,5,2,3.0,1,60.0,200.0,8,1
7768,4,3,4,0,588,18,2,2.0,2.0,20,320,0,2,16.0,0,65.0,0,76,0,17,47,6,3,2,6.0,10,70.0,200.0,5,1
1834,4,3,0,0,198,3,21,21.0,21.0,20,65,0,3,7.0,0,85.0,0,33,0,17,15,6,6,2,4.0,1,60.0,200.0,7,2
8042,4,3,2,0,937,123,45,30.0,60.0,20,330,0,5,18.0,0,100.0,0,36,0,17,15,6,2,2,4.0,15,60.0,200.0,3,0
6007,4,3,0,0,356,3,26,26.0,26.0,20,90,0,3,9.5,0,120.0,0,21,0,17,15,6,7,2,5.0,0,50.0,80.0,3,1
2899,4,3,1,0,534,30,45,30.0,60.0,20,175,0,2,12.2,0,80.0,0,36,0,17,15,1,5,8,6.0,13,60.0,200.0,11,3
9211,4,3,19,0,678,52,4,4.0,4.0,20,750,0,3,20.5,0,230.0,0,17,0,17,100,6,0,9,5.5,2,60.0,200.0,4,2
5332,4,3,2,0,85,34,45,30.0,60.0,20,120,0,3,8.5,0,75.0,0,32,0,17,15,6,8,9,6.0,4,60.0,200.0,9,0
2664,4,3,1,0,1136,30,11,11.0,11.0,20,150,0,0,2.8,0,85.0,0,28,0,17,15,1,8,2,6.0,4,60.0,200.0,13,1
8673,4,0,8,0,238,59,14,14.0,14.0,20,1100,0,3,28.0,0,540.0,0,76,0,13,98,6,3,7,9.5,6,80.0,400.0,4,3
9527,4,3,23,0,0,93,4,4.0,4.0,20,530,0,6,11.0,0,200.0,0,76,0,17,49,6,5,11,8.0,2,60.0,200.0,6,2
611,4,3,0,0,1034,138,16,16.0,16.0,20,200,0,2,12.5,0,110.0,0,34,0,17,15,3,8,2,7.0,0,50.0,80.0,12,1
9241,4,3,29,0,1379,71,45,30.0,60.0,20,250,0,2,15.0,0,70.0,0,50,0,17,15,1,7,11,6.0,15,70.0,200.0,10,2
71,4,3,0,0,425,3,45,30.0,60.0,20,120,0,6,14.0,0,85.0,0,76,0,17,15,6,6,2,6.5,13,60.0,200.0,10,0
8217,4,3,13,0,36,48,10,10.0,10.0,20,240,0,6,22.0,0,130.0,0,32,0,17,100,5,5,11,6.2,2,60.0,200.0,11,0
8811,4,3,24,0,0,117,45,30.0,60.0,20,730,0,1,9.8,0,150.0,0,29,0,17,15,1,5,11,7.0,9,80.0,200.0,12,2
6310,4,3,4,0,544,20,105,90.0,120.0,20,800,0,5,27.0,0,120.0,0,48,0,17,15,1,5,2,7.0,10,70.0,200.0,11,0
168,4,3,0,0,952,3,45,30.0,60.0,20,125,0,1,9.5,0,100.0,0,33,0,17,15,1,8,2,6.5,0,50.0,80.0,11,2
6428,4,3,4,0,796,20,23,23.0,23.0,20,80,0,1,11.0,0,160.0,0,35,0,17,47,2,4,6,7.0,5,60.0,200.0,13,2
9521,4,3,25,0,275,71,29,29.0,29.0,20,260,0,3,17.5,0,90.0,0,34,0,17,15,6,6,11,6.0,0,50.0,80.0,4,3
7645,4,3,7,0,306,120,10,10.0,10.0,20,230,0,2,8.5,0,130.0,0,44,0,17,15,1,3,9,4.0,2,60.0,200.0,12,2
2777,4,3,0,0,1017,101,9,9.0,9.0,20,195,0,8,10.5,0,115.0,0,48,0,17,15,6,0,9,3.0,15,70.0,200.0,2,2
1024,4,3,0,0,368,89,16,16.0,16.0,20,490,0,2,13.0,0,135.0,0,56,0,17,15,6,6,2,5.0,2,60.0,200.0,9,0
3707,4,3,0,0,378,89,75,60.0,90.0,20,900,0,3,19.0,0,210.0,0,27,0,17,47,6,7,7,6.0,10,70.0,200.0,2,0
2666,4,0,0,0,74,3,29,29.0,29.0,20,340,0,1,12.5,0,970.0,0,26,0,6,79,6,0,6,25.0,9,80.0,200.0,6,3
7666,4,3,3,0,757,66,15,15.0,15.0,20,1100,0,1,23.0,0,115.0,0,76,0,17,15,6,6,2,5.5,2,60.0,200.0,6,3
8177,4,3,10,0,721,62,6,6.0,6.0,20,300,0,3,12.0,0,250.0,0,41,0,17,61,1,2,8,6.0,1,60.0,200.0,8,1
404,4,3,0,0,704,27,45,30.0,60.0,20,500,0,6,30.0,0,220.0,0,46,0,17,98,6,6,7,10.5,15,70.0,200.0,11,3
4015,4,3,2,0,993,112,10,10.0,10.0,20,120,0,6,13.5,0,80.0,0,48,0,17,15,1,3,2,15.0,0,50.0,80.0,12,3
9519,4,3,23,0,0,56,11,11.0,11.0,20,150,0,5,12.0,0,95.0,0,29,0,17,15,6,3,11,6.0,2,60.0,200.0,6,3
1205,4,3,0,0,527,0,9,9.0,9.0,20,310,0,5,17.5,0,110.0,0,26,0,17,15,1,5,2,5.5,0,50.0,80.0,9,0
2272,4,3,1,0,1001,30,26,26.0,26.0,20,250,0,0,4.0,0,110.0,0,32,0,17,15,1,2,8,2.5,1,60.0,200.0,8,2
9057,4,0,9,0,1254,136,6,6.0,6.0,20,250,0,2,5.5,0,100.0,0,24,0,17,47,6,4,2,9.0,9,80.0,200.0,6,3
2529,4,3,0,0,1034,138,18,18.0,18.0,20,140,0,2,8.0,0,95.0,0,43,0,17,15,6,5,2,5.5,0,50.0,80.0,5,3
2889,4,3,0,0,1034,138,10,10.0,10.0,20,115,0,2,5.0,0,95.0,0,36,0,17,15,6,7,2,5.0,14,60.0,200.0,2,1
5588,4,3,1,0,627,31,6,6.0,6.0,20,165,0,2,9.0,0,95.0,0,33,0,17,15,6,0,9,5.5,0,60.0,150.0,2,0
331,4,3,0,0,664,142,75,60.0,90.0,20,250,0,1,12.0,0,105.0,0,20,0,20,110,1,0,2,7.0,15,70.0,200.0,11,1
9324,4,3,35,0,1153,21,105,90.0,120.0,20,420,0,3,30.0,0,60.0,0,47,0,20,110,5,4,6,8.0,10,70.0,200.0,12,0
6440,4,3,4,0,830,80,105,90.0,120.0,20,720,0,3,16.0,0,130.0,0,47,0,17,110,3,8,7,7.5,10,70.0,200.0,9,0
8742,4,3,23,0,0,93,12,12.0,12.0,20,140,0,2,14.0,0,200.0,0,38,0,17,15,1,5,11,4.5,5,60.0,200.0,11,1
9636,4,3,7,0,1091,120,45,30.0,60.0,20,230,0,2,9.0,0,185.0,0,34,0,17,100,6,3,8,6.5,0,50.0,80.0,3,1
6767,4,3,2,0,1089,21,45,30.0,60.0,20,430,0,8,14.5,0,170.0,0,40,0,17,15,6,0,9,4.0,15,60.0,200.0,5,1
8343,4,3,4,0,29,20,22,22.0,22.0,20,220,0,2,12.0,0,75.0,0,50,0,17,15,6,6,9,6.0,0,50.0,80.0,2,2
3045,4,1,0,0,1066,3,75,60.0,90.0,20,610,0,1,23.5,0,130.0,0,34,0,6,100,6,8,9,8.0,15,70.0,200.0,1,3
9658,4,3,7,0,299,104,45,30.0,60.0,20,210,0,5,14.5,0,105.0,0,42,0,17,15,6,7,2,6.0,10,70.0,200.0,3,2
6263,4,3,4,0,842,20,26,26.0,26.0,20,115,0,2,8.0,0,50.0,0,47,0,17,15,2,8,2,6.0,10,70.0,200.0,12,2
9727,4,3,27,0,0,106,75,60.0,90.0,20,1400,0,1,50.0,1,150.0,0,55,0,17,15,6,7,11,6.7,10,70.0,200.0,7,2
6116,4,3,2,0,682,74,45,30.0,60.0,20,165,0,3,9.5,0,60.0,0,18,0,17,98,6,2,9,3.7,2,60.0,200.0,6,1
381,4,3,0,0,270,142,45,30.0,60.0,20,105,0,3,9.0,0,135.0,0,31,0,17,47,1,7,2,6.0,1,60.0,200.0,8,3
7591,4,3,1,0,894,30,24,24.0,24.0,20,80,0,1,14.0,0,50.0,0,28,0,17,110,6,6,8,5.0,2,60.0,200.0,3,1
1749,4,3,0,0,18,3,29,29.0,29.0,20,110,0,4,13.0,0,70.0,0,32,0,17,15,6,8,2,5.0,2,60.0,200.0,2,0
8072,4,3,9,0,1317,126,6,6.0,6.0,20,370,0,8,16.0,0,100.0,0,19,0,17,15,5,5,2,5.0,15,70.0,200.0,11,2
3061,4,3,1,0,767,115,11,11.0,11.0,20,160,0,7,12.0,0,95.0,0,76,0,17,15,1,6,9,4.0,1,60.0,200.0,10,0
7752,4,3,1,0,754,30,75,60.0,90.0,20,360,0,1,3.5,0,100.0,0,44,0,17,15,6,0,7,8.5,15,70.0,200.0,3,0
9868,4,3,38,0,427,98,75,60.0,90.0,20,490,0,2,18.0,0,115.0,0,33,0,17,15,6,8,7,8.0,10,60.0,200.0,5,2
6265,4,3,4,0,842,20,45,30.0,60.0,20,1500,0,1,45.0,0,300.0,0,36,0,17,15,1,3,7,7.0,10,70.0,200.0,11,3
8730,4,3,7,0,1284,120,45,30.0,60.0,20,560,0,6,18.0,0,100.0,0,17,0,17,15,6,8,7,8.0,5,60.0,200.0,5,1
3798,4,3,0,0,88,27,12,12.0,12.0,20,470,0,1,29.5,0,210.0,0,44,0,17,44,6,2,8,4.0,2,60.0,200.0,6,1
9061,4,3,9,0,205,28,9,9.0,9.0,20,350,0,1,11.0,0,135.0,0,20,0,17,15,6,6,2,4.0,2,60.0,200.0,6,3
9326,4,3,18,0,969,108,11,11.0,11.0,20,130,0,8,9.0,0,95.0,0,28,0,17,15,6,7,11,4.0,2,60.0,200.0,5,3
9641,4,3,20,0,610,41,11,11.0,11.0,20,165,0,2,12.0,0,160.0,0,19,0,17,15,6,4,11,6.0,2,60.0,200.0,2,3
9865,4,3,38,0,1308,47,75,60.0,90.0,20,155,0,2,8.5,0,130.0,0,43,0,17,15,6,5,11,6.0,1,60.0,200.0,6,3
2783,4,3,1,0,859,115,4,4.0,4.0,20,195,0,5,13.5,0,330.0,0,34,0,6,61,3,0,8,5.0,1,60.0,200.0,10,1
7959,4,3,4,0,1154,20,105,90.0,120.0,20,450,0,1,29.0,0,125.0,0,47,0,6,93,6,7,6,13.0,10,70.0,200.0,5,1
5301,4,3,1,0,734,115,18,18.0,18.0,20,210,0,8,14.0,0,100.0,0,32,0,17,15,6,5,8,6.0,15,70.0,200.0,1,2
8332,4,3,17,0,486,14,1,1.0,1.0,20,115,0,6,9.5,0,165.0,0,26,0,17,47,4,6,7,8.0,9,80.0,200.0,10,2
1627,4,3,0,0,601,121,11,11.0,11.0,20,125,0,5,12.0,0,150.0,0,39,0,17,15,6,8,8,4.5,1,60.0,200.0,5,2
8505,4,3,20,0,610,41,10,10.0,10.0,20,195,0,0,9.0,0,100.0,0,41,0,17,15,1,3,6,7.5,2,60.0,200.0,10,0
613,4,3,0,0,1034,138,8,8.0,8.0,20,230,0,6,7.5,0,150.0,0,37,0,17,15,5,8,8,6.5,2,60.0,200.0,11,3
8222,4,3,13,0,36,48,1,1.0,1.0,20,520,0,6,30.0,0,300.0,0,46,0,17,43,3,3,11,12.0,2,60.0,200.0,9,1
8766,4,3,23,0,0,93,28,28.0,28.0,20,145,0,5,11.0,0,145.0,0,52,0,17,44,6,4,11,4.5,2,60.0,200.0,8,0
6087,4,3,2,0,937,123,15,15.0,15.0,20,200,0,3,9.0,0,125.0,0,31,0,17,15,6,4,8,4.0,0,50.0,80.0,5,2
7719,4,0,2,0,389,34,24,24.0,24.0,20,165,0,3,9.0,0,210.0,0,33,0,17,47,6,3,6,18.0,9,80.0,200.0,2,2
9685,4,3,27,0,184,44,4,4.0,4.0,20,210,0,3,11.5,0,110.0,0,26,0,17,15,6,7,7,11.5,6,80.0,400.0,6,3
3628,4,3,0,0,370,89,8,8.0,8.0,20,125,0,1,8.0,0,70.0,0,24,0,17,15,6,7,2,3.0,2,60.0,200.0,1,2
12,4,0,0,0,11,3,25,25.0,25.0,20,85,0,2,4.5,0,105.0,0,16,0,17,47,5,5,2,25.0,9,80.0,200.0,13,1
8733,4,3,23,0,0,93,45,30.0,60.0,20,270,0,2,15.0,0,125.0,0,30,0,17,15,1,5,7,8.0,2,60.0,200.0,12,3
9572,4,3,27,0,0,106,8,8.0,8.0,20,240,0,3,10.0,0,110.0,0,41,0,17,15,6,7,7,7.7,2,60.0,200.0,4,0
9431,4,3,38,0,1309,47,75,60.0,90.0,20,450,0,2,25.0,0,420.0,0,43,0,17,15,3,6,11,4.0,2,60.0,200.0,8,3
5672,4,3,1,0,1214,30,75,60.0,90.0,20,620,0,1,16.0,0,140.0,0,35,0,17,15,6,5,2,6.5,15,70.0,200.0,6,3
3323,4,3,0,0,356,121,45,30.0,60.0,20,70,0,2,6.5,0,60.0,0,28,0,17,15,6,8,2,6.5,0,50.0,80.0,5,2
5321,4,3,2,0,85,34,24,24.0,24.0,20,105,0,3,12.0,0,90.0,0,29,0,17,15,3,0,2,2.0,4,60.0,200.0,10,2
4412,4,3,0,0,972,27,75,60.0,90.0,20,160,0,2,11.0,0,95.0,0,44,0,17,15,6,0,2,5.5,15,70.0,200.0,3,0
1142,4,3,0,0,417,3,45,30.0,60.0,20,165,0,3,18.0,0,65.0,0,28,0,17,15,1,7,2,7.0,0,50.0,80.0,8,1
8604,4,3,21,0,1173,80,11,11.0,11.0,20,175,0,2,14.0,0,110.0,0,29,0,17,15,1,6,11,5.0,2,60.0,200.0,12,3
7671,4,3,3,0,293,66,14,14.0,14.0,20,210,0,3,8.0,0,85.0,0,29,0,17,15,6,0,2,4.0,1,60.0,200.0,6,0
6354,4,3,4,0,28,20,6,6.0,6.0,20,230,0,3,9.5,0,110.0,0,40,0,17,44,1,6,8,3.7,2,60.0,200.0,8,2
8687,4,3,23,0,0,49,45,30.0,60.0,20,410,0,8,20.0,0,240.0,0,27,0,17,15,1,7,6,16.0,10,70.0,200.0,8,2
8182,4,3,10,0,1018,118,7,7.0,7.0,20,135,0,3,7.0,0,100.0,0,60,0,1,100,5,7,6,11.0,10,70.0,200.0,9,0
999,4,3,0,0,370,89,10,10.0,10.0,20,115,0,6,15.0,0,50.0,0,20,0,17,15,5,0,2,4.0,2,60.0,200.0,9,0
1003,4,3,0,0,370,89,23,23.0,23.0,20,360,0,1,8.0,0,100.0,0,33,0,17,98,6,2,2,6.0,1,60.0,200.0,8,0
8932,4,3,25,0,600,72,45,30.0,60.0,20,230,0,2,14.1,0,80.0,0,31,0,17,15,6,4,9,6.0,0,50.0,80.0,10,0
2453,4,3,0,0,375,13,28,28.0,28.0,20,230,0,2,10.5,0,185.0,0,27,0,17,15,6,0,7,12.0,10,70.0,200.0,4,0
8090,4,3,9,0,355,126,8,8.0,8.0,20,1100,0,3,27.5,0,85.0,0,10,0,17,15,3,8,7,7.0,15,70.0,200.0,12,0
4560,4,3,1,0,687,29,10,10.0,10.0,20,90,0,1,7.5,0,50.0,0,27,0,17,15,6,8,8,5.0,0,60.0,150.0,6,3
349,4,3,0,0,286,3,28,28.0,28.0,20,115,0,3,9.0,0,60.0,0,76,0,17,15,6,5,2,9.0,1,60.0,200.0,11,1
8816,4,3,2,0,838,123,75,60.0,90.0,20,175,0,2,10.0,0,110.0,0,48,0,17,15,6,2,2,4.0,15,60.0,200.0,3,0
9428,4,3,19,0,943,52,45,30.0,60.0,20,920,0,3,18.5,0,50.0,0,76,0,20,100,6,2,12,8.0,15,70.0,200.0,7,3
1405,4,3,0,0,450,134,12,12.0,12.0,20,1600,0,2,21.2,0,95.0,0,23,0,17,15,6,7,6,8.0,15,70.0,200.0,7,0
443,4,3,0,0,281,65,13,13.0,13.0,20,190,0,3,13.0,0,70.0,0,23,0,17,15,3,4,9,4.5,1,60.0,200.0,8,1
5061,4,1,2,0,422,34,22,22.0,22.0,20,185,0,2,11.0,0,80.0,0,22,0,17,15,1,2,2,4.0,8,60.0,200.0,13,2
8573,4,3,20,0,459,41,75,60.0,90.0,20,400,0,3,29.5,0,80.0,0,22,0,17,15,1,7,11,4.5,10,70.0,200.0,8,1
8918,4,3,9,0,105,136,6,6.0,6.0,20,1100,0,1,10.0,0,730.0,0,21,0,10,5,6,6,2,8.5,2,50.0,200.0,4,1
6352,4,3,4,0,28,20,11,11.0,11.0,20,230,0,3,19.5,0,140.0,0,76,0,20,105,6,3,2,5.7,2,60.0,200.0,8,3
2398,4,3,0,0,1034,138,45,30.0,60.0,20,370,0,3,13.0,0,100.0,0,40,0,17,15,6,8,9,4.0,15,70.0,200.0,7,3
10013,4,3,34,0,475,113,45,30.0,60.0,20,240,0,6,8.0,0,165.0,0,32,0,17,61,6,6,7,10.0,2,60.0,200.0,3,1
8520,4,3,7,0,357,104,19,19.0,19.0,20,330,0,2,25.0,0,80.0,0,32,0,17,15,6,4,8,4.0,2,60.0,200.0,4,0
3220,4,3,0,0,368,89,7,7.0,7.0,20,360,0,1,14.5,0,120.0,0,23,0,17,15,6,7,2,7.0,2,60.0,200.0,5,0
8953,4,3,7,0,67,104,14,14.0,14.0,20,100,0,2,9.5,0,105.0,0,30,0,17,15,6,5,9,2.5,0,50.0,80.0,7,2
9356,4,3,20,0,962,41,17,17.0,17.0,20,165,0,3,10.5,0,100.0,0,42,0,17,15,6,6,11,6.0,2,60.0,200.0,5,0
8358,4,3,7,0,283,120,45,30.0,60.0,20,145,0,2,9.0,0,140.0,0,31,0,17,47,6,3,2,5.0,10,70.0,200.0,4,3
626,4,3,0,0,1034,138,8,8.0,8.0,20,130,0,2,8.5,0,75.0,0,31,0,17,15,1,8,9,6.0,0,50.0,80.0,10,0
1415,4,0,0,0,145,3,18,18.0,18.0,20,105,0,6,9.0,0,110.0,0,22,0,17,47,4,8,2,11.0,6,80.0,400.0,12,1
10034,4,3,38,0,473,23,45,30.0,60.0,20,250,0,3,15.0,0,130.0,0,52,0,17,15,6,4,11,6.0,10,70.0,200.0,3,1
5313,4,0,2,0,85,34,16,16.0,16.0,20,80,0,2,7.0,0,150.0,0,24,0,17,47,5,3,7,8.5,6,80.0,400.0,12,2
8690,4,3,23,0,0,56,5,5.0,5.0,20,230,0,1,12.0,0,145.0,0,33,0,17,15,1,6,11,3.5,5,60.0,200.0,13,2
6436,4,3,2,0,993,112,3,3.0,3.0,20,90,0,3,6.5,0,145.0,0,10,0,17,47,6,6,2,9.5,9,80.0,200.0,6,2
9538,4,3,21,0,1173,80,20,20.0,20.0,20,800,0,8,20.0,0,250.0,0,30,0,1,16,6,7,6,10.5,5,60.0,200.0,7,1
2251,4,3,0,0,1272,27,15,15.0,15.0,20,135,0,2,7.5,0,100.0,0,39,0,17,15,6,6,2,6.5,4,60.0,200.0,5,0
9347,4,3,20,0,964,41,45,30.0,60.0,20,1200,0,1,33.0,0,130.0,0,41,0,17,15,6,6,11,6.0,10,70.0,200.0,6,3
7607,4,3,7,0,357,104,12,12.0,12.0,20,400,0,1,5.0,0,150.0,0,45,0,17,44,1,8,2,6.0,0,50.0,80.0,11,3
9646,4,3,25,0,275,71,45,30.0,60.0,20,270,0,2,12.5,0,95.0,0,37,0,17,15,6,6,11,12.0,0,50.0,80.0,5,3
6094,4,3,4,0,34,20,10,10.0,10.0,20,270,0,1,15.5,0,220.0,0,37,0,17,15,2,5,2,11.0,6,80.0,400.0,13,1
8347,4,3,4,0,29,20,6,6.0,6.0,20,135,0,1,6.0,0,170.0,0,47,0,17,61,6,0,2,6.0,4,60.0,200.0,1,3
2680,4,3,0,0,1351,27,28,28.0,28.0,20,180,0,2,10.0,0,135.0,0,28,0,17,15,6,3,2,6.5,2,60.0,200.0,7,3
9370,4,3,20,0,845,41,19,19.0,19.0,20,960,0,1,27.0,0,370.0,0,28,0,17,55,6,5,7,6.5,10,70.0,200.0,6,3
7928,4,3,3,0,447,66,45,30.0,60.0,20,1100,0,2,16.0,0,105.0,0,47,0,17,31,6,2,2,5.0,10,70.0,200.0,2,1
10012,4,3,34,0,681,113,45,30.0,60.0,20,110,0,3,6.0,0,135.0,0,36,0,17,31,6,3,11,5.0,2,60.0,200.0,3,0
639,4,3,0,0,1034,138,8,8.0,8.0,20,200,0,2,11.0,0,120.0,0,33,0,17,15,6,5,2,5.5,0,50.0,80.0,8,2
8289,4,3,4,0,848,20,105,90.0,120.0,20,330,0,2,9.0,0,90.0,0,22,0,17,15,6,3,6,7.0,10,70.0,200.0,2,1
1189,4,3,0,0,527,0,17,17.0,17.0,20,120,0,2,7.0,0,70.0,0,33,0,17,15,1,5,2,6.5,1,60.0,200.0,9,3
5382,4,3,1,0,991,115,45,30.0,60.0,20,280,0,7,17.0,0,110.0,0,29,0,17,15,6,0,2,8.0,0,50.0,80.0,2,0
2696,4,0,1,0,1132,30,18,18.0,18.0,20,75,0,2,4.5,0,105.0,0,23,0,17,49,4,6,2,13.5,9,80.0,200.0,8,3
1811,4,3,0,0,425,0,23,23.0,23.0,20,200,0,2,20.0,0,70.0,0,35,0,17,15,6,6,8,6.0,13,60.0,200.0,2,1
8644,4,3,7,0,1253,104,4,4.0,4.0,20,300,0,3,18.5,0,90.0,0,31,0,17,15,6,7,2,4.0,2,60.0,200.0,6,1
6819,4,3,2,0,797,76,19,19.0,19.0,20,270,0,1,17.0,0,175.0,0,34,0,17,15,6,6,9,4.0,4,60.0,200.0,4,3
1440,4,3,0,0,286,3,21,21.0,21.0,20,140,0,3,10.0,0,90.0,0,35,0,17,15,6,6,2,5.0,1,60.0,200.0,4,2
3126,4,3,1,0,791,32,6,6.0,6.0,20,150,0,3,8.5,0,115.0,0,32,0,17,15,1,4,8,6.0,13,60.0,200.0,10,0
9075,4,3,27,0,0,106,8,8.0,8.0,20,210,0,3,11.0,0,105.0,0,36,0,17,15,3,2,9,4.0,10,70.0,200.0,12,3
9825,4,3,25,0,275,71,21,21.0,21.0,20,250,0,3,16.5,0,100.0,0,42,0,17,15,6,3,11,6.0,2,60.0,200.0,2,1
8551,4,3,2,0,875,76,19,19.0,19.0,20,250,0,1,12.5,0,115.0,0,21,0,17,15,6,8,9,4.0,0,50.0,80.0,3,1
9393,4,3,24,0,0,117,19,19.0,19.0,20,230,0,3,11.8,0,80.0,0,31,0,17,15,6,8,11,6.0,10,70.0,200.0,4,3
6892,4,3,3,0,12,66,19,19.0,19.0,20,165,0,2,7.5,0,75.0,0,32,0,17,15,6,3,2,4.0,0,50.0,80.0,4,2
9817,4,3,35,0,1153,21,105,90.0,120.0,20,210,0,4,15.0,0,110.0,0,46,0,17,15,6,2,6,7.5,10,70.0,200.0,5,2
4605,4,3,2,0,1089,21,23,23.0,23.0,20,140,0,1,11.7,0,75.0,0,30,0,17,15,3,6,8,4.0,1,60.0,200.0,11,1
1398,4,3,0,0,446,6,5,5.0,5.0,20,110,0,2,9.0,0,130.0,0,31,0,17,61,6,5,2,2.0,2,60.0,200.0,7,0
5791,4,3,3,0,882,66,45,30.0,60.0,20,660,0,3,30.0,0,110.0,0,35,0,17,110,1,3,2,7.0,10,70.0,200.0,13,0
8071,4,3,4,0,1364,20,20,20.0,20.0,20,640,0,8,18.0,0,190.0,0,26,0,0,72,6,2,2,6.0,2,60.0,200.0,6,1
3529,4,0,2,0,1354,34,4,4.0,4.0,20,50,0,3,5.5,0,125.0,0,61,0,17,33,3,8,7,9.0,6,80.0,400.0,10,1
6085,4,3,2,0,937,123,45,30.0,60.0,20,370,0,8,14.5,0,80.0,0,25,0,17,15,6,6,2,5.0,15,60.0,200.0,5,2
8118,4,3,9,0,314,136,25,25.0,25.0,20,430,0,1,7.0,0,240.0,0,76,0,17,15,5,8,2,12.5,2,60.0,200.0,10,2
8533,4,3,7,0,299,104,45,30.0,60.0,20,290,0,2,15.5,0,125.0,0,40,0,17,15,6,4,2,6.0,10,70.0,200.0,4,3
9418,4,3,21,0,1173,80,9,9.0,9.0,20,270,0,1,30.5,0,65.0,0,76,0,17,15,6,7,11,6.0,2,60.0,200.0,6,2
4592,4,3,0,0,1216,121,45,30.0,60.0,20,200,0,3,11.5,0,100.0,0,23,0,17,15,6,3,2,5.5,4,60.0,200.0,2,1
9452,4,3,19,0,1069,37,4,4.0,4.0,20,140,0,3,8.0,0,105.0,0,32,0,17,15,6,2,7,10.5,15,70.0,200.0,7,3
3830,4,3,2,0,282,63,8,8.0,8.0,20,75,0,2,8.0,0,120.0,0,16,0,17,15,3,6,2,7.0,2,60.0,200.0,12,2
8933,4,3,25,0,600,72,75,60.0,90.0,20,440,0,2,14.5,0,105.0,0,29,0,17,15,6,6,11,4.0,0,50.0,80.0,9,3
3604,4,3,2,0,937,123,45,30.0,60.0,20,250,0,0,4.0,0,100.0,0,36,0,17,15,6,5,9,5.5,15,60.0,200.0,11,2
9442,4,3,38,0,1308,47,75,60.0,90.0,20,540,0,2,26.8,0,75.0,0,39,0,17,15,1,8,11,6.0,1,60.0,200.0,11,1
8693,4,3,7,0,1289,120,5,5.0,5.0,20,390,0,2,13.0,0,200.0,0,22,0,17,47,6,4,2,13.5,2,60.0,200.0,5,3
9373,4,3,20,0,625,41,75,60.0,90.0,20,940,0,1,29.0,0,105.0,0,30,0,17,15,6,8,11,8.0,10,70.0,200.0,5,2
8030,4,3,4,0,300,20,15,15.0,15.0,20,195,0,5,14.5,0,100.0,0,25,0,17,45,6,5,2,12.0,0,50.0,80.0,6,3
7895,4,3,4,0,34,20,16,16.0,16.0,20,320,0,1,12.0,0,150.0,0,56,0,17,61,6,2,8,4.0,4,60.0,200.0,5,2
5111,4,3,1,0,1130,30,105,90.0,120.0,20,800,0,3,21.0,0,155.0,0,28,0,17,15,6,6,2,7.0,15,70.0,200.0,7,3
1677,4,3,0,0,1225,142,75,60.0,90.0,20,150,0,3,11.0,0,120.0,0,32,0,17,15,5,2,2,6.5,15,70.0,200.0,10,1
9995,4,3,27,0,0,44,75,60.0,90.0,20,195,0,3,8.5,0,210.0,0,38,0,17,47,6,5,11,10.5,10,70.0,200.0,3,3
311,4,3,0,0,198,3,28,28.0,28.0,20,210,0,3,17.0,0,130.0,0,26,0,17,15,1,2,2,4.0,0,60.0,150.0,11,3
2936,4,3,0,0,1338,3,45,30.0,60.0,20,115,0,1,12.6,0,85.0,0,40,0,17,15,6,6,2,6.5,13,60.0,200.0,6,3
9288,4,0,34,0,475,113,45,30.0,60.0,20,260,0,2,6.5,0,210.0,0,35,0,17,31,1,4,7,10.0,9,80.0,200.0,8,2
7463,4,3,3,0,6,66,24,24.0,24.0,20,340,0,2,15.6,0,100.0,0,30,0,17,15,6,7,2,4.0,1,60.0,200.0,6,3
8572,4,0,20,0,499,41,4,4.0,4.0,20,320,0,2,11.0,0,280.0,0,0,1,20,15,3,7,11,7.5,6,80.0,400.0,9,0
4106,4,3,2,0,1004,34,45,30.0,60.0,20,2000,1,3,31.0,0,390.0,0,35,0,17,15,6,2,8,3.5,0,50.0,80.0,8,1
9284,4,3,13,0,36,48,6,6.0,6.0,20,290,0,2,32.0,0,210.0,0,12,0,17,31,6,0,6,8.0,2,60.0,200.0,7,1
8000,4,3,4,0,28,20,15,15.0,15.0,20,195,0,3,9.0,0,175.0,0,24,0,17,15,6,4,2,3.5,2,60.0,200.0,6,3
2393,4,3,0,0,286,3,26,26.0,26.0,20,135,0,6,10.5,0,100.0,0,23,0,17,15,6,2,2,4.0,1,60.0,200.0,1,3
5051,4,3,2,0,903,34,45,30.0,60.0,20,200,0,2,15.8,0,105.0,0,29,0,17,15,1,4,2,4.0,0,50.0,80.0,9,1
8225,4,3,2,0,993,112,11,11.0,11.0,20,230,0,3,14.5,0,130.0,0,37,0,17,15,6,4,8,4.0,2,60.0,200.0,3,3
1390,4,3,0,0,582,3,75,60.0,90.0,20,1100,0,5,40.0,0,110.0,0,22,0,17,15,1,5,2,4.0,15,70.0,200.0,12,1
9627,4,3,25,0,275,71,45,30.0,60.0,20,260,0,5,17.5,0,90.0,0,34,0,17,15,6,6,11,6.0,0,50.0,80.0,6,0
8695,4,1,23,0,0,56,7,7.0,7.0,20,820,0,2,24.0,0,420.0,0,23,0,6,16,6,6,6,12.0,5,60.0,200.0,12,3
1273,4,3,0,0,529,142,22,22.0,22.0,20,95,0,8,8.0,0,65.0,0,30,0,17,15,1,4,8,6.0,0,50.0,80.0,9,3
7135,4,3,1,0,996,30,24,24.0,24.0,20,155,0,3,8.0,0,120.0,0,31,0,17,15,6,0,8,4.0,1,60.0,200.0,3,3
2509,4,3,0,0,1279,3,24,24.0,24.0,20,110,0,2,13.0,0,105.0,0,20,0,17,15,6,5,2,5.5,1,50.0,200.0,7,3
707,4,3,0,0,1065,145,9,9.0,9.0,20,300,0,3,11.5,0,130.0,0,28,0,17,15,1,2,2,6.5,15,70.0,200.0,8,3
8964,4,3,8,0,238,59,11,11.0,11.0,20,135,0,5,10.5,0,165.0,0,76,0,17,15,6,7,2,3.0,2,60.0,200.0,5,1
8288,4,3,7,0,938,10,8,8.0,8.0,20,2000,1,1,50.0,1,165.0,0,50,0,17,31,6,7,6,12.0,10,70.0,200.0,4,1
8807,4,3,24,0,0,117,45,30.0,60.0,20,100,0,3,7.0,0,65.0,0,33,0,17,15,1,5,11,5.0,5,60.0,200.0,13,0
9337,4,3,37,0,948,113,2,2.0,2.0,20,250,0,1,27.0,0,75.0,0,24,0,17,15,1,0,11,4.0,13,60.0,200.0,8,3
8077,4,3,3,0,308,66,21,21.0,21.0,20,155,0,7,13.5,0,90.0,0,43,0,17,15,6,6,2,6.0,0,50.0,80.0,2,3
1156,4,3,0,0,897,94,11,11.0,11.0,20,330,0,3,21.0,0,140.0,0,39,0,17,15,1,4,2,6.0,2,60.0,200.0,10,2
7833,4,3,8,0,238,59,11,11.0,11.0,20,200,0,2,9.5,0,45.0,0,76,0,17,15,5,4,2,4.0,2,60.0,200.0,9,0
9268,4,3,34,0,1183,113,45,30.0,60.0,20,230,0,3,14.0,0,105.0,0,27,0,17,15,1,6,11,7.0,2,60.0,200.0,8,3
974,4,3,0,0,369,13,15,15.0,15.0,20,500,0,3,22.0,0,170.0,0,18,0,17,43,1,6,2,6.0,10,70.0,200.0,12,3
8025,4,3,9,0,1314,136,20,20.0,20.0,20,1400,0,1,17.0,0,135.0,0,28,0,17,15,3,6,2,5.0,2,60.0,200.0,12,1
1074,4,3,0,0,356,3,45,30.0,60.0,20,100,0,2,7.0,0,110.0,0,35,0,17,100,6,8,2,5.5,0,60.0,150.0,11,2
8822,4,3,24,0,0,117,45,30.0,60.0,20,200,0,5,13.5,0,150.0,0,31,0,17,15,1,4,6,6.0,5,60.0,200.0,11,3
730,4,3,0,0,74,3,25,25.0,25.0,20,100,0,1,13.5,0,120.0,0,21,0,17,61,3,2,2,4.0,5,60.0,200.0,10,3
4588,4,1,1,0,688,30,75,60.0,90.0,20,1400,0,2,23.0,0,220.0,0,30,0,7,1,6,4,2,9.5,8,60.0,200.0,6,3
9420,4,3,21,0,749,140,23,23.0,23.0,20,160,0,2,13.8,0,120.0,0,19,0,17,15,6,7,11,3.5,10,70.0,200.0,5,3
3468,4,3,2,0,586,74,45,30.0,60.0,20,700,0,6,33.0,0,95.0,0,23,0,20,15,6,5,2,6.0,15,60.0,200.0,9,0
8405,4,3,2,0,1089,21,45,30.0,60.0,20,220,0,2,12.5,0,150.0,0,31,0,17,15,6,6,8,4.0,0,50.0,80.0,3,1
4068,4,1,0,0,11,3,45,30.0,60.0,20,190,0,8,7.5,0,85.0,0,37,0,6,93,6,6,2,24.5,13,60.0,200.0,3,3
2296,4,3,1,0,994,32,8,8.0,8.0,20,165,0,3,8.5,0,115.0,0,37,0,17,15,1,4,8,6.0,1,60.0,200.0,9,0
7300,4,3,7,0,13,104,45,30.0,60.0,20,390,0,3,13.0,0,120.0,0,48,0,17,15,6,4,2,6.0,10,70.0,200.0,8,0
9148,4,3,10,0,721,62,2,2.0,2.0,20,230,0,6,14.5,0,240.0,0,22,0,17,93,6,6,8,3.0,6,80.0,400.0,5,3
7781,4,3,3,0,98,66,24,24.0,24.0,20,200,0,2,12.4,0,120.0,0,45,0,17,15,6,6,2,6.0,1,60.0,200.0,7,1
9583,4,3,25,0,600,71,45,30.0,60.0,20,400,0,6,18.5,0,75.0,0,47,0,17,15,6,5,9,5.0,10,70.0,200.0,6,2
3850,4,3,0,0,315,27,11,11.0,11.0,20,90,0,2,7.5,0,65.0,0,32,0,17,15,6,3,2,6.5,13,60.0,200.0,7,0
9562,4,3,24,0,0,117,45,30.0,60.0,20,70,0,8,12.7,0,45.0,0,48,0,17,98,6,6,6,10.5,5,60.0,200.0,6,3
5541,4,3,2,0,825,34,20,20.0,20.0,20,90,0,3,5.0,0,90.0,0,44,0,17,15,1,6,2,6.5,6,80.0,400.0,8,1
9696,4,3,21,0,469,140,28,28.0,28.0,20,1500,0,6,45.5,0,470.0,0,76,0,17,15,6,7,6,9.5,10,70.0,200.0,2,3
2558,4,3,0,0,368,89,9,9.0,9.0,20,170,0,2,9.5,0,145.0,0,33,0,17,15,6,6,2,5.5,2,60.0,200.0,4,2
3669,4,3,0,0,368,89,19,19.0,19.0,20,185,0,3,9.0,0,170.0,0,44,0,17,15,6,7,8,4.5,2,60.0,200.0,2,1
7859,4,3,2,0,797,76,10,10.0,10.0,20,110,0,3,4.5,0,145.0,0,23,0,0,49,6,6,2,7.0,2,60.0,200.0,2,0
4010,4,3,0,0,1216,3,45,30.0,60.0,20,100,0,6,11.0,0,85.0,0,32,0,17,15,6,4,2,5.0,0,50.0,80.0,7,0
9297,4,0,34,0,508,113,45,30.0,60.0,20,360,0,2,5.0,0,260.0,0,76,0,17,47,4,6,7,10.0,6,80.0,400.0,12,2
6741,4,3,2,0,750,34,105,90.0,120.0,20,1200,0,1,13.0,0,150.0,0,18,0,17,15,6,4,9,2.0,15,60.0,200.0,1,2
3946,4,3,2,0,725,34,45,30.0,60.0,20,165,0,2,10.0,0,90.0,0,39,0,17,15,6,8,8,4.0,15,60.0,200.0,11,3
3151,4,3,0,0,1348,27,23,23.0,23.0,20,185,0,1,16.0,0,190.0,0,18,0,17,15,6,8,2,5.0,1,60.0,200.0,2,2
10016,4,3,37,0,948,113,6,6.0,6.0,20,590,0,1,12.0,0,120.0,0,76,0,17,15,6,7,11,6.0,5,60.0,200.0,3,2
82,4,3,0,0,425,0,18,18.0,18.0,20,165,0,5,12.5,0,70.0,0,30,0,17,15,6,6,2,2.5,4,60.0,200.0,9,3
1428,4,3,0,0,737,94,45,30.0,60.0,20,200,0,4,30.5,0,130.0,0,36,0,17,79,6,2,2,5.0,15,70.0,200.0,4,0
9417,4,3,38,0,1309,47,105,90.0,120.0,20,530,0,2,18.0,0,280.0,0,38,0,17,61,1,3,11,7.0,2,60.0,200.0,12,1
8692,4,1,23,0,0,56,8,8.0,8.0,20,550,0,3,27.0,0,220.0,0,36,0,6,47,5,4,6,9.0,5,60.0,200.0,12,3
9712,4,3,21,0,777,80,45,30.0,60.0,20,1200,0,1,6.8,0,120.0,0,76,0,17,15,6,5,7,8.0,10,70.0,200.0,1,1
8330,4,3,17,0,486,14,10,10.0,10.0,20,280,0,3,8.5,0,195.0,0,37,0,17,45,5,3,11,6.0,2,60.0,200.0,11,2
8029,4,3,9,0,1314,136,21,21.0,21.0,20,450,0,6,16.5,0,70.0,0,26,0,17,15,1,7,2,7.0,15,70.0,200.0,9,2
1367,4,0,0,0,89,3,8,8.0,8.0,20,75,0,1,8.5,0,35.0,0,25,0,17,15,4,0,2,10.5,9,80.0,200.0,9,3
9298,4,0,34,0,508,113,45,30.0,60.0,20,100,0,2,7.0,0,200.0,0,29,0,6,83,4,8,7,10.0,6,80.0,400.0,10,3
